ZipCode,PrimaryRecord,Population,HouseholdsPerZipcode,WhitePopulation,BlackPopulation,HispanicPopulation,AsianPopulation,HawaiianPopulation,IndianPopulation,OtherPopulation,MalePopulation,FemalePopulation,PersonsPerHousehold,AverageHouseValue,IncomePerHousehold,MedianAge,MedianAgeMale,MedianAgeFemale,Latitude,Longitude,Elevation,State,StateFullName,CityType,CityAliasAbbreviation,AreaCode,City,CityAliasName,County,CountyFIPS,StateFIPS,TimeZone,DayLightSaving,MSA,PMSA,CSA,CBSA,CBSA_DIV,CBSA_Type,CBSA_Name,MSA_Name,PMSA_Name,Region,Division,MailingName,NumberOfBusinesses,NumberOfEmployees,BusinessFirstQuarterPayroll,BusinessAnnualPayroll,BusinessEmploymentFlag,GrowthRank,GrowingCountiesA,GrowingCountiesB,GrowthIncreaseNumber,GrowthIncreasePercentage,CBSAPopulation,CBSADivisionPopulation,CongressionalDistrict,CongressionalLandArea,DeliveryResidential,DeliveryBusiness,DeliveryTotal,PreferredLastLineKey,ClassificationCode,MultiCounty,CSAName,CBSA_Div_Name,CityStateKey,PopulationEstimate,LandArea,WaterArea,CityAliasCode,CityMixedCase,CityAliasMixedCase,BoxCount,SFDU,MFDU,StateANSI,CountyANSI,ZIPIntroDate,AliasIntroDate,FacilityCode,UniqueZIPName,CityDeliveryIndicator,CarrierRouteRateSortation,FinanceNumber
06611,P,34267,12168,32205,653,926,815,6,38,242,16479,17788,2.82,260500,79446,40.3,39.4,41.1,41.261696,-73.20786,9,CT,Connecticut,B,,203,TRUMBULL,TRUMBULL,FAIRFIELD,1,9,5,Y,5602,1160,408,14860,,Metro,"Bridgeport-Stamford-Norwalk, CT",New York-Northern New Jersey-Long Island,"Bridgeport, CT PMSA",Northeast,New England,Y,962,17342,224828,792028, ,0,0,0,0,0,899152,0,03|04,459.15|456.94,12994,721,14446,V20720, ,,"New York-Newark-Bridgeport, NY-NJ-CT-PA",,V20720,36643,23.31,0.19,,Trumbull,Trumbull,266,11559,534,9,1,<2004-10,<2004-10,B,,Y,D,80578
06650, ,0,0,0,0,0,0,0,0,0,0,0,0,0,0,0,0,0,41.1895,-73.1284,9,CT,Connecticut,N,,203,BRIDGEPORT,STRATMAR FULFILLMENT CORP,FAIRFIELD,1,9,5,Y,5602,1160,408,14860,,Metro,"Bridgeport-Stamford-Norwalk, CT",New York-Northern New Jersey-Long Island,"Bridgeport, CT PMSA",Northeast,New England,N,0,0,0,0,,0,0,0,0,0,899152,0,,,0,0,0,V20069, ,,"New York-Newark-Bridgeport, NY-NJ-CT-PA",,V20687,0,0,0,B,Bridgeport,Stratmar Fulfillment Corp,0,0,0,9,1,<2004-10,<2004-10,N,,Y,C,80578
06673,P,0,0,0,0,0,0,0,0,0,0,0,0,0,0,0,0,0,41.1667,-73.2054,9,CT,Connecticut,P,,203,BRIDGEPORT,BRIDGEPORT,FAIRFIELD,1,9,5,Y,5602,1160,408,14860,,Metro,"Bridgeport-Stamford-Norwalk, CT",New York-Northern New Jersey-Long Island,"Bridgeport, CT PMSA",Northeast,New England,Y,0,0,0,0,,0,0,0,0,0,899152,0,,,0,0,304,V20069,U,,"New York-Newark-Bridgeport, NY-NJ-CT-PA",,V20069,0,0,0,B,Bridgeport,Bridgeport,0,0,0,9,1,<2004-10,<2004-10,P,,N,C,80578
06673, ,0,0,0,0,0,0,0,0,0,0,0,0,0,0,0,0,0,41.1667,-73.2054,9,CT,Connecticut,N,,203,BRIDGEPORT,PROMOTION MARKETING SER INC,FAIRFIELD,1,9,5,Y,5602,1160,408,14860,,Metro,"Bridgeport-Stamford-Norwalk, CT",New York-Northern New Jersey-Long Island,"Bridgeport, CT PMSA",Northeast,New England,N,0,0,0,0,,0,0,0,0,0,899152,0,,,0,0,304,V20069,U,,"New York-Newark-Bridgeport, NY-NJ-CT-PA",,V20540,0,0,0,B,Bridgeport,Promotion Marketing Ser Inc,0,0,0,9,1,<2004-10,<2004-10,N,Y,N,C,80578
06699,P,0,0,0,0,0,0,0,0,0,0,0,0,0,0,0,0,0,41.1667,-73.2054,9,CT,Connecticut,P,,203,BRIDGEPORT,BRIDGEPORT,FAIRFIELD,1,9,5,Y,5602,1160,408,14860,,Metro,"Bridgeport-Stamford-Norwalk, CT",New York-Northern New Jersey-Long Island,"Bridgeport, CT PMSA",Northeast,New England,Y,0,0,0,0,,0,0,0,0,0,899152,0,,,0,1,299,V20069,U,,"New York-Newark-Bridgeport, NY-NJ-CT-PA",,V20069,0,0,0,G,Bridgeport,Bridgeport,0,0,0,9,1,<2004-10,<2004-10,P,,N,C,80578
06612,P,7272,2511,7035,16,128,147,1,3,30,3522,3750,2.95,455700,125557,40.4,40.6,40.3,41.276709,-73.305702,9,CT,Connecticut,B,,203,EASTON,EASTON,FAIRFIELD,1,9,5,Y,5602,1160,408,14860,,Metro,"Bridgeport-Stamford-Norwalk, CT",New York-Northern New Jersey-Long Island,"Bridgeport, CT PMSA",Northeast,New England,Y,152,624,4833,25676, ,0,0,0,0,0,899152,0,4,456.94,2678,28,3771,V20207, ,,"New York-Newark-Bridgeport, NY-NJ-CT-PA",,V20207,7900,27.5,1.24,,Easton,Easton,69,2678,0,9,1,<2004-10,<2004-10,B,,Y,D,80578
06614,P,32198,13225,29982,991,1533,427,5,39,414,15088,17110,2.47,170000,57489,42.1,40.2,44.1,41.230203,-73.1248,9,CT,Connecticut,B,,203,STRATFORD,STRATFORD,FAIRFIELD,1,9,5,Y,5602,1160,408,14860,,Metro,"Bridgeport-Stamford-Norwalk, CT",New York-Northern New Jersey-Long Island,"Bridgeport, CT PMSA",Northeast,New England,Y,449,4775,34340,142927, ,0,0,0,0,0,899152,0,03|04,459.15|456.94,13055,601,13634,V20685, ,,"New York-Newark-Bridgeport, NY-NJ-CT-PA",,V20685,32245,11.05,0.1,,Stratford,Stratford,0,12213,604,9,1,<2004-10,<2004-10,B,,Y,D,80578
06615,P,17778,7372,12379,3901,1866,273,12,43,657,8451,9327,2.54,141200,47047,37.2,36.1,38.4,41.173882,-73.136492,9,CT,Connecticut,B,,203,STRATFORD,STRATFORD,FAIRFIELD,1,9,5,Y,5602,1160,408,14860,,Metro,"Bridgeport-Stamford-Norwalk, CT",New York-Northern New Jersey-Long Island,"Bridgeport, CT PMSA",Northeast,New England,Y,584,8885,89942,388986, ,0,0,0,0,0,899152,0,03|04,459.15|456.94,7077,909,9051,V20685, ,,"New York-Newark-Bridgeport, NY-NJ-CT-PA",,V20685,17975,6.62,0.05,,Stratford,Stratford,495,6059,727,9,1,<2004-10,<2004-10,B,,Y,D,80578
06650,P,0,0,0,0,0,0,0,0,0,0,0,0,0,0,0,0,0,41.1895,-73.1284,9,CT,Connecticut,P,,203,BRIDGEPORT,BRIDGEPORT,FAIRFIELD,1,9,5,Y,5602,1160,408,14860,,Metro,"Bridgeport-Stamford-Norwalk, CT",New York-Northern New Jersey-Long Island,"Bridgeport, CT PMSA",Northeast,New England,Y,0,0,0,0,,0,0,0,0,0,899152,0,,,0,0,0,V20069, ,,"New York-Newark-Bridgeport, NY-NJ-CT-PA",,V20069,0,0,0,,Bridgeport,Bridgeport,0,0,0,9,1,<2004-10,<2004-10,P,,Y,C,80578
06699, ,0,0,0,0,0,0,0,0,0,0,0,0,0,0,0,0,0,41.1667,-73.2054,9,CT,Connecticut,N,,203,BRIDGEPORT,CONTROLLED DISTRIBUTION,FAIRFIELD,1,9,5,Y,5602,1160,408,14860,,Metro,"Bridgeport-Stamford-Norwalk, CT",New York-Northern New Jersey-Long Island,"Bridgeport, CT PMSA",Northeast,New England,N,0,0,0,0,,0,0,0,0,0,899152,0,,,0,1,299,V20069,U,,"New York-Newark-Bridgeport, NY-NJ-CT-PA",,V20138,0,0,0,G,Bridgeport,Controlled Distribution,0,0,0,9,1,<2004-10,<2004-10,N,Y,N,C,80578
6784,P,3939,1660,3836,21,67,27,3,1,24,1926,2013,2.66,253000,75426,42,42.2,41.9,41.592224,-73.491172,9,CT,Connecticut,P,,860,SHERMAN,SHERMAN,FAIRFIELD,1,9,5,Y,5602,1930,408,14860,,Metro,"Bridgeport-Stamford-Norwalk, CT",New York-Northern New Jersey-Long Island,"Danbury, CT PMSA",Northeast,New England,Y,69,345,3042,13163, ,0,0,0,0,0,899152,0,5,1247.6,1622,26,1981,V20600, ,Y,"New York-Newark-Bridgeport, NY-NJ-CT-PA",,V20600,4314,22.86,1.56,,Sherman,Sherman,244,1622,0,9,1,<2004-10,<2004-10,P,,N,D,86936
6804, ,16111,5940,15324,128,403,412,0,11,107,7838,8273,2.8,247600,82838,39.1,38.6,39.5,41.467638,-73.387889,9,CT,Connecticut,N,,203,BROOKFIELD,BROOKFLD CTR,FAIRFIELD,1,9,5,Y,5602,1930,408,14860,,Metro,"Bridgeport-Stamford-Norwalk, CT",New York-Northern New Jersey-Long Island,"Danbury, CT PMSA",Northeast,New England,Y,664,7351,64100,272305, ,0,0,0,0,0,899152,0,5,1247.6,6323,669,7846,V20081, ,,"New York-Newark-Bridgeport, NY-NJ-CT-PA",,V20084,17704,20.29,0,A,Brookfield,Brookfld Ctr,442,5460,447,9,1,<2004-10,<2004-10,N,,N,D,80714
6807,P,6751,2707,6058,23,329,526,2,5,46,3267,3484,2.58,611400,94066,39.5,38.9,40.1,41.059566,-73.590086,9,CT,Connecticut,P,,203,COS COB,COS COB,FAIRFIELD,1,9,5,Y,,,408,14860,,Metro,"Bridgeport-Stamford-Norwalk, CT",,,Northeast,New England,Y,243,1677,15296,74828, ,0,0,0,0,0,899152,0,4,456.94,2746,238,3696,V20144, ,,"New York-Newark-Bridgeport, NY-NJ-CT-PA",,V20144,7084,3.12,0.1,,Cos Cob,Cos Cob,144,2591,65,9,1,<2004-10,<2004-10,P,,Y,D,81564
6810,P,44961,17330,32046,3133,9474,2620,16,149,4761,22717,22244,2.66,163200,46116,33.6,32.6,34.8,41.378688,-73.472131,9,CT,Connecticut,P,,203,DANBURY,DANBURY,FAIRFIELD,1,9,5,Y,5602,1930,408,14860,,Metro,"Bridgeport-Stamford-Norwalk, CT",New York-Northern New Jersey-Long Island,"Danbury, CT PMSA",Northeast,New England,Y,1769,39330,491817,1961594, ,0,0,0,0,0,899152,0,05|04,1247.60|456.94,18546,2272,20795,V20151, ,,"New York-Newark-Bridgeport, NY-NJ-CT-PA",,V20151,49332,21.46,0.27,,Danbury,Danbury,0,13039,3496,9,1,<2004-10,<2004-10,P,,Y,D,81666
6811,P,29492,11052,24457,1918,2290,1442,10,65,881,13777,15715,2.6,203100,66979,37.6,36.8,38.1,41.42384,-73.479174,9,CT,Connecticut,P,,203,DANBURY,DANBURY,FAIRFIELD,1,9,5,Y,5602,1930,408,14860,,Metro,"Bridgeport-Stamford-Norwalk, CT",New York-Northern New Jersey-Long Island,"Danbury, CT PMSA",Northeast,New England,Y,632,0,0,0,i,0,0,0,0,0,899152,0,5,1247.6,11505,632,14101,V20151, ,,"New York-Newark-Bridgeport, NY-NJ-CT-PA",,V20151,29913,20.42,0.86,,Danbury,Danbury,0,8988,605,9,1,<2004-10,<2004-10,P,,Y,D,81666
6816,P,0,0,0,0,0,0,0,0,0,0,0,0,0,0,0,0,0,41.3948,-73.4544,9,CT,Connecticut,P,,203,DANBURY,DANBURY,FAIRFIELD,1,9,5,Y,5602,1930,408,14860,,Metro,"Bridgeport-Stamford-Norwalk, CT",New York-Northern New Jersey-Long Island,"Danbury, CT PMSA",Northeast,New England,Y,5,19,209,1582, ,0,0,0,0,0,899152,0,,,0,0,0,V20151,U,,"New York-Newark-Bridgeport, NY-NJ-CT-PA",,V20151,0,0,0,B,Danbury,Danbury,0,0,0,9,1,<2004-10,<2004-10,P,,N,D,81666
6816, ,0,0,0,0,0,0,0,0,0,0,0,0,0,0,0,0,0,41.3948,-73.4544,9,CT,Connecticut,N,,203,DANBURY,GROLIER ENTRPRZ INC,FAIRFIELD,1,9,5,Y,5602,1930,408,14860,,Metro,"Bridgeport-Stamford-Norwalk, CT",New York-Northern New Jersey-Long Island,"Danbury, CT PMSA",Northeast,New England,N,5,19,209,1582, ,0,0,0,0,0,899152,0,,,0,0,0,V20151,U,,"New York-Newark-Bridgeport, NY-NJ-CT-PA",,V20266,0,0,0,B,Danbury,Grolier Entrprz Inc,0,0,0,9,1,<2004-10,<2004-10,N,Y,N,D,81666
6817,P,0,0,0,0,0,0,0,0,0,0,0,0,0,0,0,0,0,41.3948,-73.4544,9,CT,Connecticut,P,,203,DANBURY,DANBURY,FAIRFIELD,1,9,5,Y,5602,1930,408,14860,,Metro,"Bridgeport-Stamford-Norwalk, CT",New York-Northern New Jersey-Long Island,"Danbury, CT PMSA",Northeast,New England,Y,12,132,2458,9023, ,0,0,0,0,0,899152,0,,,0,0,0,V20151,U,,"New York-Newark-Bridgeport, NY-NJ-CT-PA",,V20151,0,0,0,B,Danbury,Danbury,0,0,0,9,1,<2004-10,<2004-10,P,,N,D,81666
6817, ,0,0,0,0,0,0,0,0,0,0,0,0,0,0,0,0,0,41.3948,-73.4544,9,CT,Connecticut,N,,203,DANBURY,UNION CARBIDE CORP,FAIRFIELD,1,9,5,Y,5602,1930,408,14860,,Metro,"Bridgeport-Stamford-Norwalk, CT",New York-Northern New Jersey-Long Island,"Danbury, CT PMSA",Northeast,New England,N,12,132,2458,9023, ,0,0,0,0,0,899152,0,,,0,0,0,V20151,U,,"New York-Newark-Bridgeport, NY-NJ-CT-PA",,V20730,0,0,0,B,Danbury,Union Carbide Corp,0,0,0,9,1,<2004-10,<2004-10,N,Y,N,D,81666
6824,P,0,0,0,0,0,0,0,0,0,0,0,0,0,0,0,0,0,41.17451,-73.284305,9,CT,Connecticut,P,,203,FAIRFIELD,FAIRFIELD,FAIRFIELD,1,9,5,Y,5602,1160,408,14860,,Metro,"Bridgeport-Stamford-Norwalk, CT",New York-Northern New Jersey-Long Island,"Bridgeport, CT PMSA",Northeast,New England,Y,329,3986,49015,199594, ,0,0,0,0,0,899152,0,4,456.94,11562,1042,13118,V20221, ,,"New York-Newark-Bridgeport, NY-NJ-CT-PA",,V20221,30912,0,0,,Fairfield,Fairfield,224,11068,134,9,1,<2004-10,<2004-10,P,,Y,D,82550
6825,P,0,0,0,0,0,0,0,0,0,0,0,0,0,0,0,0,0,41.196335,-73.244392,9,CT,Connecticut,P,,203,FAIRFIELD,FAIRFIELD,FAIRFIELD,1,9,5,Y,5602,1160,408,14860,,Metro,"Bridgeport-Stamford-Norwalk, CT",New York-Northern New Jersey-Long Island,"Bridgeport, CT PMSA",Northeast,New England,Y,192,2347,18645,81481, ,0,0,0,0,0,899152,0,4,456.94,7485,584,8968,V20221, ,,"New York-Newark-Bridgeport, NY-NJ-CT-PA",,V20221,19927,0,0,,Fairfield,Fairfield,194,7052,239,9,1,<2004-10,<2004-10,P,,Y,D,82550
6828,P,0,0,0,0,0,0,0,0,0,0,0,0,0,0,0,0,0,41.21835,-73.25173,9,CT,Connecticut,P,,203,FAIRFIELD,FAIRFIELD,FAIRFIELD,1,9,5,Y,5602,1160,408,14860,,Metro,"Bridgeport-Stamford-Norwalk, CT",New York-Northern New Jersey-Long Island,"Bridgeport, CT PMSA",Northeast,New England,Y,2,0,0,0,c,0,0,0,0,0,899152,0,,,0,1,195,V20221,U,,"New York-Newark-Bridgeport, NY-NJ-CT-PA",,V20221,0,0,0,B,Fairfield,Fairfield,0,0,0,9,1,<2004-10,<2004-10,P,,Y,D,82550
6828, ,0,0,0,0,0,0,0,0,0,0,0,0,0,0,0,0,0,41.21835,-73.25173,9,CT,Connecticut,N,,203,FAIRFIELD,GENERAL ELECTRIC,FAIRFIELD,1,9,5,Y,5602,1160,408,14860,,Metro,"Bridgeport-Stamford-Norwalk, CT",New York-Northern New Jersey-Long Island,"Bridgeport, CT PMSA",Northeast,New England,N,2,0,0,0,c,0,0,0,0,0,899152,0,,,0,1,195,V20221,U,,"New York-Newark-Bridgeport, NY-NJ-CT-PA",,V20246,0,0,0,B,Fairfield,General Electric,0,0,0,9,1,<2004-10,<2004-10,N,Y,Y,D,82550
6829,P,0,0,0,0,0,0,0,0,0,0,0,0,0,0,0,0,0,41.2557,-73.4353,9,CT,Connecticut,Z,,203,GEORGETOWN,GEORGETOWN,FAIRFIELD,1,9,5,Y,,,408,14860,,Metro,"Bridgeport-Stamford-Norwalk, CT",,,Northeast,New England,Y,53,297,2637,11505, ,0,0,0,0,0,899152,0,,,0,0,453,V20247,P,,"New York-Newark-Bridgeport, NY-NJ-CT-PA",,V20247,0,0,0,,Georgetown,Georgetown,246,0,0,9,1,<2004-10,<2004-10,P,,N,C,82754
6836,P,0,0,0,0,0,0,0,0,0,0,0,0,0,0,0,0,0,41.0266,-73.6287,9,CT,Connecticut,Z,,203,GREENWICH,GREENWICH,FAIRFIELD,1,9,5,Y,5602,8040,408,14860,,Metro,"Bridgeport-Stamford-Norwalk, CT",New York-Northern New Jersey-Long Island,"Stamford-Norwalk, CT PMSA",Northeast,New England,Y,24,524,64486,84585, ,0,0,0,0,0,899152,0,,,0,0,870,V20262,P,,"New York-Newark-Bridgeport, NY-NJ-CT-PA",,V20262,0,0,0,,Greenwich,Greenwich,416,0,0,9,1,<2004-10,<2004-10,P,,Y,C,83060
6838,P,0,0,0,0,0,0,0,0,0,0,0,0,0,0,0,0,0,41.1216,-73.321,9,CT,Connecticut,Z,,203,GREENS FARMS,GREENS FARMS,FAIRFIELD,1,9,5,Y,,,408,14860,,Metro,"Bridgeport-Stamford-Norwalk, CT",,,Northeast,New England,Y,1,0,0,0,c,0,0,0,0,0,899152,0,,,0,0,354,V20260,P,,"New York-Newark-Bridgeport, NY-NJ-CT-PA",,V20260,0,0,0,,Greens Farms,Greens Farms,217,0,0,9,1,<2004-10,<2004-10,P,,N,C,83026
6840,P,19402,7143,18482,203,338,445,1,8,73,9253,10149,2.83,830300,141592,40.2,39.5,40.7,41.162414,-73.502092,9,CT,Connecticut,P,,203/860,NEW CANAAN,NEW CANAAN,FAIRFIELD,1,9,5,Y,5602,8040,408,14860,,Metro,"Bridgeport-Stamford-Norwalk, CT",New York-Northern New Jersey-Long Island,"Stamford-Norwalk, CT PMSA",Northeast,New England,Y,702,5819,100289,382004, ,0,0,0,0,0,899152,0,4,456.94,7036,604,8287,V20418, ,,"New York-Newark-Bridgeport, NY-NJ-CT-PA",,V20418,19911,22.17,0.35,,New Canaan,New Canaan,342,6507,245,9,1,<2004-10,<2004-10,P,,Y,D,84658
6850,P,17593,7291,14021,1877,1951,777,7,27,499,8631,8962,2.46,278900,60031,37.6,36.4,38.9,41.126856,-73.440972,9,CT,Connecticut,P,,203/860,NORWALK,NORWALK,FAIRFIELD,1,9,5,Y,5602,8040,408,14860,,Metro,"Bridgeport-Stamford-Norwalk, CT",New York-Northern New Jersey-Long Island,"Stamford-Norwalk, CT PMSA",Northeast,New England,Y,515,11507,127660,502205, ,0,0,0,0,0,899152,0,4,456.94,7215,576,8063,V20478, ,,"New York-Newark-Bridgeport, NY-NJ-CT-PA",,V20478,17748,6.4,0.04,,Norwalk,Norwalk,0,5339,742,9,1,<2004-10,<2004-10,P,,Y,D,85406
6801,P,18015,6631,16644,228,665,637,7,28,197,8784,9231,2.76,219400,68979,37.1,36.3,37.7,41.38183,-73.392979,9,CT,Connecticut,P,,203,BETHEL,BETHEL,FAIRFIELD,1,9,5,Y,5602,1930,408,14860,,Metro,"Bridgeport-Stamford-Norwalk, CT",New York-Northern New Jersey-Long Island,"Danbury, CT PMSA",Northeast,New England,Y,544,6935,83872,336693, ,0,0,0,0,0,899152,0,04|05,456.94|1247.60,7083,627,8442,V20044, ,,"New York-Newark-Bridgeport, NY-NJ-CT-PA",,V20044,19549,16.59,0.09,,Bethel,Bethel,282,6141,685,9,1,<2004-10,<2004-10,P,,Y,D,80374
6804,P,16111,5940,15324,128,403,412,0,11,107,7838,8273,2.8,247600,82838,39.1,38.6,39.5,41.467638,-73.387889,9,CT,Connecticut,P,,203,BROOKFIELD,BROOKFIELD,FAIRFIELD,1,9,5,Y,5602,1930,408,14860,,Metro,"Bridgeport-Stamford-Norwalk, CT",New York-Northern New Jersey-Long Island,"Danbury, CT PMSA",Northeast,New England,Y,664,7351,64100,272305, ,0,0,0,0,0,899152,0,5,1247.6,6323,669,7846,V20081, ,,"New York-Newark-Bridgeport, NY-NJ-CT-PA",,V20081,17704,20.29,0,,Brookfield,Brookfield,442,5460,447,9,1,<2004-10,<2004-10,P,,N,D,80714
6804, ,16111,5940,15324,128,403,412,0,11,107,7838,8273,2.8,247600,82838,39.1,38.6,39.5,41.467638,-73.387889,9,CT,Connecticut,N,,203,BROOKFIELD,BROOKFIELD CENTER,FAIRFIELD,1,9,5,Y,5602,1930,408,14860,,Metro,"Bridgeport-Stamford-Norwalk, CT",New York-Northern New Jersey-Long Island,"Danbury, CT PMSA",Northeast,New England,N,664,7351,64100,272305, ,0,0,0,0,0,899152,0,5,1247.6,6323,669,7846,V20081, ,,"New York-Newark-Bridgeport, NY-NJ-CT-PA",,V20082,17704,20.29,0,,Brookfield,Brookfield Center,442,5460,447,9,1,<2004-10,<2004-10,N,,N,D,80714
6812,P,13951,5146,13509,54,393,177,1,5,72,6963,6988,3.01,229300,84375,37.3,36.6,38,41.487616,-73.482182,9,CT,Connecticut,B,,203,NEW FAIRFIELD,NEW FAIRFIELD,FAIRFIELD,1,9,5,Y,5602,1930,408,14860,,Metro,"Bridgeport-Stamford-Norwalk, CT",New York-Northern New Jersey-Long Island,"Danbury, CT PMSA",Northeast,New England,Y,214,1502,11517,49443, ,0,0,0,0,0,899152,0,5,1247.6,5067,142,7804,V20419, ,,"New York-Newark-Bridgeport, NY-NJ-CT-PA",,V20419,15251,19.49,0.32,,New Fairfield,New Fairfield,542,4719,0,9,1,<2004-10,<2004-10,B,,Y,D,81666
6813,P,0,0,0,0,0,0,0,0,0,0,0,0,0,0,0,0,0,41.3948,-73.4544,9,CT,Connecticut,Z,,203,DANBURY,DANBURY,FAIRFIELD,1,9,5,Y,5602,1930,408,14860,,Metro,"Bridgeport-Stamford-Norwalk, CT",New York-Northern New Jersey-Long Island,"Danbury, CT PMSA",Northeast,New England,Y,39,596,9041,34407, ,0,0,0,0,0,899152,0,,,0,0,2087,V20151,P,,"New York-Newark-Bridgeport, NY-NJ-CT-PA",,V20151,0,0,0,,Danbury,Danbury,1002,0,0,9,1,<2004-10,<2004-10,P,,Y,C,81666
6814,P,0,0,0,0,0,0,0,0,0,0,0,0,0,0,0,0,0,41.3948,-73.4544,9,CT,Connecticut,P,,203,DANBURY,DANBURY,FAIRFIELD,1,9,5,Y,5602,1930,408,14860,,Metro,"Bridgeport-Stamford-Norwalk, CT",New York-Northern New Jersey-Long Island,"Danbury, CT PMSA",Northeast,New England,Y,0,0,0,0,,0,0,0,0,0,899152,0,,,0,0,0,V20151,U,,"New York-Newark-Bridgeport, NY-NJ-CT-PA",,V20151,0,0,0,G,Danbury,Danbury,0,0,0,9,1,<2004-10,<2004-10,P,,N,C,81666
6814, ,0,0,0,0,0,0,0,0,0,0,0,0,0,0,0,0,0,41.3948,-73.4544,9,CT,Connecticut,N,,203,DANBURY,SHARED ZIP FOR BRM,FAIRFIELD,1,9,5,Y,5602,1930,408,14860,,Metro,"Bridgeport-Stamford-Norwalk, CT",New York-Northern New Jersey-Long Island,"Danbury, CT PMSA",Northeast,New England,N,0,0,0,0,,0,0,0,0,0,899152,0,,,0,0,0,V20151,U,,"New York-Newark-Bridgeport, NY-NJ-CT-PA",,V20593,0,0,0,G,Danbury,Shared Zip For Brm,0,0,0,9,1,<2004-10,<2004-10,N,Y,N,C,81666
6820,P,19607,6792,18816,89,429,474,5,8,58,9615,9992,2.95,711000,146755,38,37.3,38.6,41.075974,-73.481568,9,CT,Connecticut,P,,203,DARIEN,DARIEN,FAIRFIELD,1,9,5,Y,5602,8040,408,14860,,Metro,"Bridgeport-Stamford-Norwalk, CT",New York-Northern New Jersey-Long Island,"Stamford-Norwalk, CT PMSA",Northeast,New England,Y,702,7098,108987,444718, ,0,0,0,0,0,899152,0,4,456.94,6879,631,8081,V20153, ,,"New York-Newark-Bridgeport, NY-NJ-CT-PA",,V20153,20293,12.85,0.03,,Darien,Darien,251,6374,504,9,1,<2004-10,<2004-10,P,,Y,D,81734
6820, ,19607,6792,18816,89,429,474,5,8,58,9615,9992,2.95,711000,146755,38,37.3,38.6,41.075974,-73.481568,9,CT,Connecticut,N,,203,DARIEN,NOROTON,FAIRFIELD,1,9,5,Y,5602,8040,408,14860,,Metro,"Bridgeport-Stamford-Norwalk, CT",New York-Northern New Jersey-Long Island,"Stamford-Norwalk, CT PMSA",Northeast,New England,N,702,7098,108987,444718, ,0,0,0,0,0,899152,0,4,456.94,6879,631,8081,V20153, ,,"New York-Newark-Bridgeport, NY-NJ-CT-PA",,V20453,20293,12.85,0.03,,Darien,Noroton,251,6374,504,9,1,<2004-10,<2004-10,N,,Y,D,81734
6820, ,19607,6792,18816,89,429,474,5,8,58,9615,9992,2.95,711000,146755,38,37.3,38.6,41.075974,-73.481568,9,CT,Connecticut,N,,203,DARIEN,NOROTON HEIGHTS,FAIRFIELD,1,9,5,Y,5602,8040,408,14860,,Metro,"Bridgeport-Stamford-Norwalk, CT",New York-Northern New Jersey-Long Island,"Stamford-Norwalk, CT PMSA",Northeast,New England,N,702,7098,108987,444718, ,0,0,0,0,0,899152,0,4,456.94,6879,631,8081,V20153, ,,"New York-Newark-Bridgeport, NY-NJ-CT-PA",,V20455,20293,12.85,0.03,,Darien,Noroton Heights,251,6374,504,9,1,<2004-10,<2004-10,N,,Y,D,81734
6820, ,19607,6792,18816,89,429,474,5,8,58,9615,9992,2.95,711000,146755,38,37.3,38.6,41.075974,-73.481568,9,CT,Connecticut,N,,203,DARIEN,TOKENEKE,FAIRFIELD,1,9,5,Y,5602,8040,408,14860,,Metro,"Bridgeport-Stamford-Norwalk, CT",New York-Northern New Jersey-Long Island,"Stamford-Norwalk, CT PMSA",Northeast,New England,N,702,7098,108987,444718, ,0,0,0,0,0,899152,0,4,456.94,6879,631,8081,V20153, ,,"New York-Newark-Bridgeport, NY-NJ-CT-PA",,V20714,20293,12.85,0.03,,Darien,Tokeneke,251,6374,504,9,1,<2004-10,<2004-10,N,,Y,D,81734
6830, ,24552,10525,21458,773,2345,1155,6,29,619,11429,13123,2.43,946000,82285,39.9,38.5,41.3,41.039806,-73.625848,9,CT,Connecticut,N,,203,GREENWICH,BELLE HAVEN,FAIRFIELD,1,9,5,Y,5602,8040,408,14860,,Metro,"Bridgeport-Stamford-Norwalk, CT",New York-Northern New Jersey-Long Island,"Stamford-Norwalk, CT PMSA",Northeast,New England,N,1663,26407,1253506,3036254, ,0,0,0,0,0,899152,0,4,456.94,10044,1566,11556,V20262, ,,"New York-Newark-Bridgeport, NY-NJ-CT-PA",,V20040,24406,13.16,0.27,,Greenwich,Belle Haven,0,7752,1608,9,1,<2004-10,<2004-10,N,,Y,D,83060
6830,P,24552,10525,21458,773,2345,1155,6,29,619,11429,13123,2.43,946000,82285,39.9,38.5,41.3,41.039806,-73.625848,9,CT,Connecticut,P,,203,GREENWICH,GREENWICH,FAIRFIELD,1,9,5,Y,5602,8040,408,14860,,Metro,"Bridgeport-Stamford-Norwalk, CT",New York-Northern New Jersey-Long Island,"Stamford-Norwalk, CT PMSA",Northeast,New England,Y,1663,26407,1253506,3036254, ,0,0,0,0,0,899152,0,4,456.94,10044,1566,11556,V20262, ,,"New York-Newark-Bridgeport, NY-NJ-CT-PA",,V20262,24406,13.16,0.27,,Greenwich,Greenwich,0,7752,1608,9,1,<2004-10,<2004-10,P,,Y,D,83060
6831, ,15167,5841,14211,101,599,556,5,12,118,7236,7931,2.75,846000,119631,42,41.3,42.7,41.08048,-73.663465,9,CT,Connecticut,N,,203/914,GREENWICH,GLENVILLE,FAIRFIELD,1,9,5,Y,5602,8040,408,14860,,Metro,"Bridgeport-Stamford-Norwalk, CT",New York-Northern New Jersey-Long Island,"Stamford-Norwalk, CT PMSA",Northeast,New England,N,488,34491,545945,1158012, ,0,0,0,0,0,899152,0,4,456.94,5657,248,7467,V20262, ,,"New York-Newark-Bridgeport, NY-NJ-CT-PA",,V20254,15556,28.16,0.49,,Greenwich,Glenville,445,5339,215,9,1,<2004-10,<2004-10,N,,Y,D,83060
6831,P,15167,5841,14211,101,599,556,5,12,118,7236,7931,2.75,846000,119631,42,41.3,42.7,41.08048,-73.663465,9,CT,Connecticut,P,,203/914,GREENWICH,GREENWICH,FAIRFIELD,1,9,5,Y,5602,8040,408,14860,,Metro,"Bridgeport-Stamford-Norwalk, CT",New York-Northern New Jersey-Long Island,"Stamford-Norwalk, CT PMSA",Northeast,New England,Y,488,34491,545945,1158012, ,0,0,0,0,0,899152,0,4,456.94,5657,248,7467,V20262, ,,"New York-Newark-Bridgeport, NY-NJ-CT-PA",,V20262,15556,28.16,0.49,,Greenwich,Greenwich,445,5339,215,9,1,<2004-10,<2004-10,P,,Y,D,83060
6851,P,25939,10715,21650,2015,2637,930,12,53,693,12597,13342,2.46,268800,67381,38.6,37.2,40.1,41.139682,-73.405374,9,CT,Connecticut,P,,203,NORWALK,NORWALK,FAIRFIELD,1,9,5,Y,5602,8040,408,14860,,Metro,"Bridgeport-Stamford-Norwalk, CT",New York-Northern New Jersey-Long Island,"Stamford-Norwalk, CT PMSA",Northeast,New England,Y,1196,13826,212123,852138, ,0,0,0,0,0,899152,0,4,456.94,10827,1224,13146,V20478, ,,"New York-Newark-Bridgeport, NY-NJ-CT-PA",,V20478,26634,7.73,0.05,,Norwalk,Norwalk,0,8244,2011,9,1,<2004-10,<2004-10,P,,Y,D,85406
6852,P,0,0,0,0,0,0,0,0,0,0,0,0,0,0,0,0,0,41.1176,-73.4086,9,CT,Connecticut,Z,,203,NORWALK,NORWALK,FAIRFIELD,1,9,5,Y,5602,8040,408,14860,,Metro,"Bridgeport-Stamford-Norwalk, CT",New York-Northern New Jersey-Long Island,"Stamford-Norwalk, CT PMSA",Northeast,New England,Y,22,450,9187,39930, ,0,0,0,0,0,899152,0,,,0,0,1330,V20478,P,,"New York-Newark-Bridgeport, NY-NJ-CT-PA",,V20478,0,0,0,,Norwalk,Norwalk,446,0,0,9,1,<2004-10,<2004-10,P,,Y,C,85406
6853,P,3466,1526,3291,46,114,34,0,4,26,1682,1784,2.37,495500,110498,41.2,40.7,41.7,41.070442,-73.437653,9,CT,Connecticut,P,,203,NORWALK,NORWALK,FAIRFIELD,1,9,5,Y,5602,8040,408,14860,,Metro,"Bridgeport-Stamford-Norwalk, CT",New York-Northern New Jersey-Long Island,"Stamford-Norwalk, CT PMSA",Northeast,New England,Y,114,529,13036,61843, ,0,0,0,0,0,899152,0,4,456.94,1491,109,1795,V20478, ,,"New York-Newark-Bridgeport, NY-NJ-CT-PA",,V20478,3533,1.19,0,,Norwalk,Norwalk,70,1435,56,9,1,<2004-10,<2004-10,P,,Y,D,85406
6853, ,3466,1526,3291,46,114,34,0,4,26,1682,1784,2.37,495500,110498,41.2,40.7,41.7,41.070442,-73.437653,9,CT,Connecticut,N,,203,NORWALK,ROWAYTON,FAIRFIELD,1,9,5,Y,5602,8040,408,14860,,Metro,"Bridgeport-Stamford-Norwalk, CT",New York-Northern New Jersey-Long Island,"Stamford-Norwalk, CT PMSA",Northeast,New England,N,114,529,13036,61843, ,0,0,0,0,0,899152,0,4,456.94,1491,109,1795,V20478, ,,"New York-Newark-Bridgeport, NY-NJ-CT-PA",,V20568,3533,1.19,0,,Norwalk,Rowayton,70,1435,56,9,1,<2004-10,<2004-10,N,,Y,D,85406
6856,P,0,0,0,0,0,0,0,0,0,0,0,0,0,0,0,0,0,41.1176,-73.4086,9,CT,Connecticut,Z,,203,NORWALK,NORWALK,FAIRFIELD,1,9,5,Y,5602,8040,408,14860,,Metro,"Bridgeport-Stamford-Norwalk, CT",New York-Northern New Jersey-Long Island,"Stamford-Norwalk, CT PMSA",Northeast,New England,Y,57,4595,122735,409853, ,0,0,0,0,0,899152,0,,,0,0,892,V20478,P,,"New York-Newark-Bridgeport, NY-NJ-CT-PA",,V20478,0,0,0,,Norwalk,Norwalk,454,0,0,9,1,<2004-10,<2004-10,P,,Y,C,85406
6857, ,0,0,0,0,0,0,0,0,0,0,0,0,0,0,0,0,0,41.1176,-73.4086,9,CT,Connecticut,N,,203,NORWALK,M B I INC,FAIRFIELD,1,9,5,Y,5602,8040,408,14860,,Metro,"Bridgeport-Stamford-Norwalk, CT",New York-Northern New Jersey-Long Island,"Stamford-Norwalk, CT PMSA",Northeast,New England,N,4,98,1724,6799, ,0,0,0,0,0,899152,0,,,0,0,21,V20478,U,,"New York-Newark-Bridgeport, NY-NJ-CT-PA",,V20348,0,0,0,B,Norwalk,M B I Inc,0,0,0,9,1,<2004-10,<2004-10,N,Y,N,C,85406
6857,P,0,0,0,0,0,0,0,0,0,0,0,0,0,0,0,0,0,41.1176,-73.4086,9,CT,Connecticut,P,,203,NORWALK,NORWALK,FAIRFIELD,1,9,5,Y,5602,8040,408,14860,,Metro,"Bridgeport-Stamford-Norwalk, CT",New York-Northern New Jersey-Long Island,"Stamford-Norwalk, CT PMSA",Northeast,New England,Y,4,98,1724,6799, ,0,0,0,0,0,899152,0,,,0,0,21,V20478,U,,"New York-Newark-Bridgeport, NY-NJ-CT-PA",,V20478,0,0,0,B,Norwalk,Norwalk,0,0,0,9,1,<2004-10,<2004-10,P,,N,C,85406
6858,P,0,0,0,0,0,0,0,0,0,0,0,0,0,0,0,0,0,41.1176,-73.4086,9,CT,Connecticut,P,,203,NORWALK,NORWALK,FAIRFIELD,1,9,5,Y,5602,8040,408,14860,,Metro,"Bridgeport-Stamford-Norwalk, CT",New York-Northern New Jersey-Long Island,"Stamford-Norwalk, CT PMSA",Northeast,New England,Y,0,0,0,0,,0,0,0,0,0,899152,0,,,0,0,0,V20478,U,,"New York-Newark-Bridgeport, NY-NJ-CT-PA",,V20478,0,0,0,B,Norwalk,Norwalk,0,0,0,9,1,<2004-10,<2004-10,P,,N,D,85406
6860, ,0,0,0,0,0,0,0,0,0,0,0,0,0,0,0,0,0,41.1176,-73.4086,9,CT,Connecticut,N,,203,NORWALK,SHARED ZIP FOR BRM,FAIRFIELD,1,9,5,Y,5602,8040,408,14860,,Metro,"Bridgeport-Stamford-Norwalk, CT",New York-Northern New Jersey-Long Island,"Stamford-Norwalk, CT PMSA",Northeast,New England,N,0,0,0,0,,0,0,0,0,0,899152,0,,,0,0,1,V20478,U,,"New York-Newark-Bridgeport, NY-NJ-CT-PA",,V20594,0,0,0,B,Norwalk,Shared Zip For Brm,0,0,0,9,1,<2004-10,<2004-10,N,Y,N,C,85406
6870,P,7092,2741,6482,60,232,424,0,6,33,3380,3712,2.69,705800,126247,39,38.3,39.7,41.033174,-73.570009,9,CT,Connecticut,P,,203,OLD GREENWICH,OLD GREENWICH,FAIRFIELD,1,9,5,Y,,,408,14860,,Metro,"Bridgeport-Stamford-Norwalk, CT",,,Northeast,New England,Y,227,2101,49942,207916, ,0,0,0,0,0,899152,0,4,456.94,2650,188,3177,V20493, ,,"New York-Newark-Bridgeport, NY-NJ-CT-PA",,V20493,7128,2.21,0.03,,Old Greenwich,Old Greenwich,147,2236,262,9,1,<2004-10,<2004-10,P,,Y,D,85542
6875,P,0,0,0,0,0,0,0,0,0,0,0,0,0,0,0,0,0,41.3025,-73.3839,9,CT,Connecticut,Z,REDDING CEN,203,REDDING CENTER,REDDING CENTER,FAIRFIELD,1,9,5,Y,,,408,14860,,Metro,"Bridgeport-Stamford-Norwalk, CT",,,Northeast,New England,Y,5,10,54,348, ,0,0,0,0,0,899152,0,,,0,0,284,V20552,P,,"New York-Newark-Bridgeport, NY-NJ-CT-PA",,V20552,0,0,0,,Redding Center,Redding Center,74,0,0,9,1,<2004-10,<2004-10,P,,N,C,86324
6875, ,0,0,0,0,0,0,0,0,0,0,0,0,0,0,0,0,0,41.3025,-73.3839,9,CT,Connecticut,Z,,203,REDDING CENTER,REDDING CEN,FAIRFIELD,1,9,5,Y,,,408,14860,,Metro,"Bridgeport-Stamford-Norwalk, CT",,,Northeast,New England,Y,5,10,54,348, ,0,0,0,0,0,899152,0,,,0,0,284,V20552,P,,"New York-Newark-Bridgeport, NY-NJ-CT-PA",,5635,0,0,0,A,Redding Center,Redding Cen,74,0,0,9,1,<2004-10,2005-05,N,,N,C,86324
6876,P,0,0,0,0,0,0,0,0,0,0,0,0,0,0,0,0,0,41.3136,-73.3505,9,CT,Connecticut,Z,,203,REDDING RIDGE,REDDING RIDGE,FAIRFIELD,1,9,5,Y,,,408,14860,,Metro,"Bridgeport-Stamford-Norwalk, CT",,,Northeast,New England,Y,10,60,384,1765, ,0,0,0,0,0,899152,0,,,0,0,200,V20555,P,,"New York-Newark-Bridgeport, NY-NJ-CT-PA",,V20555,0,0,0,,Redding Ridge,Redding Ridge,142,0,0,9,1,<2004-10,<2004-10,P,,N,C,86358
6854,P,27977,10885,15817,8031,7064,769,18,79,2040,13645,14332,2.64,222000,47171,33.5,32.1,34.7,41.083487,-73.421231,9,CT,Connecticut,P,,203,NORWALK,NORWALK,FAIRFIELD,1,9,5,Y,5602,8040,408,14860,,Metro,"Bridgeport-Stamford-Norwalk, CT",New York-Northern New Jersey-Long Island,"Stamford-Norwalk, CT PMSA",Northeast,New England,Y,809,12603,181745,673906, ,0,0,0,0,0,899152,0,4,456.94,10805,895,11665,V20478, ,,"New York-Newark-Bridgeport, NY-NJ-CT-PA",,V20478,28525,5.37,0.01,,Norwalk,Norwalk,0,7590,2278,9,1,<2004-10,<2004-10,P,,Y,D,85406
6854, ,27977,10885,15817,8031,7064,769,18,79,2040,13645,14332,2.64,222000,47171,33.5,32.1,34.7,41.083487,-73.421231,9,CT,Connecticut,N,,203,NORWALK,SOUTH NORWALK,FAIRFIELD,1,9,5,Y,5602,8040,408,14860,,Metro,"Bridgeport-Stamford-Norwalk, CT",New York-Northern New Jersey-Long Island,"Stamford-Norwalk, CT PMSA",Northeast,New England,N,809,12603,181745,673906, ,0,0,0,0,0,899152,0,4,456.94,10805,895,11665,V20478, ,,"New York-Newark-Bridgeport, NY-NJ-CT-PA",,V20629,28525,5.37,0.01,,Norwalk,South Norwalk,0,7590,2278,9,1,<2004-10,<2004-10,N,,Y,D,85406
6855, ,7969,3334,6555,692,1200,189,3,11,333,3923,4046,2.42,289900,62513,37.1,35.7,38.6,41.10032,-73.398393,9,CT,Connecticut,N,,203/860,NORWALK,EAST NORWALK,FAIRFIELD,1,9,5,Y,5602,8040,408,14860,,Metro,"Bridgeport-Stamford-Norwalk, CT",New York-Northern New Jersey-Long Island,"Stamford-Norwalk, CT PMSA",Northeast,New England,N,264,3380,47700,229597, ,0,0,0,0,0,899152,0,4,456.94,3235,306,4478,V20478, ,,"New York-Newark-Bridgeport, NY-NJ-CT-PA",,V20198,7828,2.09,0,,Norwalk,East Norwalk,0,2805,220,9,1,<2004-10,<2004-10,N,,Y,D,85406
6855,P,7969,3334,6555,692,1200,189,3,11,333,3923,4046,2.42,289900,62513,37.1,35.7,38.6,41.10032,-73.398393,9,CT,Connecticut,P,,203/860,NORWALK,NORWALK,FAIRFIELD,1,9,5,Y,5602,8040,408,14860,,Metro,"Bridgeport-Stamford-Norwalk, CT",New York-Northern New Jersey-Long Island,"Stamford-Norwalk, CT PMSA",Northeast,New England,Y,264,3380,47700,229597, ,0,0,0,0,0,899152,0,4,456.94,3235,306,4478,V20478, ,,"New York-Newark-Bridgeport, NY-NJ-CT-PA",,V20478,7828,2.09,0,,Norwalk,Norwalk,0,2805,220,9,1,<2004-10,<2004-10,P,,Y,D,85406
6858, ,0,0,0,0,0,0,0,0,0,0,0,0,0,0,0,0,0,41.1176,-73.4086,9,CT,Connecticut,N,,203,NORWALK,SETAN INDUSTRIES,FAIRFIELD,1,9,5,Y,5602,8040,408,14860,,Metro,"Bridgeport-Stamford-Norwalk, CT",New York-Northern New Jersey-Long Island,"Stamford-Norwalk, CT PMSA",Northeast,New England,N,0,0,0,0,,0,0,0,0,0,899152,0,,,0,0,0,V20478,U,,"New York-Newark-Bridgeport, NY-NJ-CT-PA",,V20591,0,0,0,B,Norwalk,Setan Industries,0,0,0,9,1,<2004-10,<2004-10,N,Y,N,D,85406
6859,P,0,0,0,0,0,0,0,0,0,0,0,0,0,0,0,0,0,41.1176,-73.4086,9,CT,Connecticut,P,,203,NORWALK,NORWALK,FAIRFIELD,1,9,5,Y,5602,8040,408,14860,,Metro,"Bridgeport-Stamford-Norwalk, CT",New York-Northern New Jersey-Long Island,"Stamford-Norwalk, CT PMSA",Northeast,New England,Y,1,0,0,0,a,0,0,0,0,0,899152,0,,,0,0,0,V20478,U,,"New York-Newark-Bridgeport, NY-NJ-CT-PA",,V20478,0,0,0,B,Norwalk,Norwalk,0,0,0,9,1,<2004-10,<2004-10,P,,N,C,85406
6859, ,0,0,0,0,0,0,0,0,0,0,0,0,0,0,0,0,0,41.1176,-73.4086,9,CT,Connecticut,N,,203,NORWALK,PERKIN ELMER CORP,FAIRFIELD,1,9,5,Y,5602,8040,408,14860,,Metro,"Bridgeport-Stamford-Norwalk, CT",New York-Northern New Jersey-Long Island,"Stamford-Norwalk, CT PMSA",Northeast,New England,N,1,0,0,0,a,0,0,0,0,0,899152,0,,,0,0,0,V20478,U,,"New York-Newark-Bridgeport, NY-NJ-CT-PA",,V20507,0,0,0,B,Norwalk,Perkin Elmer Corp,0,0,0,9,1,<2004-10,<2004-10,N,Y,N,C,85406
6860,P,0,0,0,0,0,0,0,0,0,0,0,0,0,0,0,0,0,41.1176,-73.4086,9,CT,Connecticut,P,,203,NORWALK,NORWALK,FAIRFIELD,1,9,5,Y,5602,8040,408,14860,,Metro,"Bridgeport-Stamford-Norwalk, CT",New York-Northern New Jersey-Long Island,"Stamford-Norwalk, CT PMSA",Northeast,New England,Y,0,0,0,0,,0,0,0,0,0,899152,0,,,0,0,1,V20478,U,,"New York-Newark-Bridgeport, NY-NJ-CT-PA",,V20478,0,0,0,B,Norwalk,Norwalk,0,0,0,9,1,<2004-10,<2004-10,P,,N,C,85406
6877,P,23686,8896,22768,146,465,493,6,22,85,11399,12287,2.78,439000,107229,39.4,39.1,39.7,41.307379,-73.494562,9,CT,Connecticut,P,,203,RIDGEFIELD,RIDGEFIELD,FAIRFIELD,1,9,5,Y,5602,1930,408,14860,,Metro,"Bridgeport-Stamford-Norwalk, CT",New York-Northern New Jersey-Long Island,"Danbury, CT PMSA",Northeast,New England,Y,832,0,0,0,j,0,0,0,0,0,899152,0,4,456.94,9113,772,10391,V20557, ,,"New York-Newark-Bridgeport, NY-NJ-CT-PA",,V20557,25334,34.52,0.5,,Ridgefield,Ridgefield,317,7762,655,9,1,<2004-10,<2004-10,P,,Y,D,86392
6878,P,7724,2771,6968,65,345,505,3,0,76,3748,3976,2.89,732800,116894,39.6,38.6,40.5,41.036005,-73.582238,9,CT,Connecticut,P,,203,RIVERSIDE,RIVERSIDE,FAIRFIELD,1,9,5,Y,,,408,14860,,Metro,"Bridgeport-Stamford-Norwalk, CT",,,Northeast,New England,Y,169,2578,31097,149033, ,0,0,0,0,0,899152,0,4,456.94,2710,132,3814,V20561, ,,"New York-Newark-Bridgeport, NY-NJ-CT-PA",,V20561,7831,2.37,0,,Riverside,Riverside,161,2535,95,9,1,<2004-10,<2004-10,P,,Y,D,86426
6879, ,0,0,0,0,0,0,0,0,0,0,0,0,0,0,0,0,0,41.2815,-73.4989,9,CT,Connecticut,N,,203,RIDGEFIELD,PROMOTION SYSTEMS INC,FAIRFIELD,1,9,5,Y,5602,1930,408,14860,,Metro,"Bridgeport-Stamford-Norwalk, CT",New York-Northern New Jersey-Long Island,"Danbury, CT PMSA",Northeast,New England,N,1,0,0,0,a,0,0,0,0,0,899152,0,,,0,0,80,V20557,U,,"New York-Newark-Bridgeport, NY-NJ-CT-PA",,V20541,0,0,0,B,Ridgefield,Promotion Systems Inc,0,0,0,9,1,<2004-10,<2004-10,N,Y,N,C,86392
6879,P,0,0,0,0,0,0,0,0,0,0,0,0,0,0,0,0,0,41.2815,-73.4989,9,CT,Connecticut,P,,203,RIDGEFIELD,RIDGEFIELD,FAIRFIELD,1,9,5,Y,5602,1930,408,14860,,Metro,"Bridgeport-Stamford-Norwalk, CT",New York-Northern New Jersey-Long Island,"Danbury, CT PMSA",Northeast,New England,Y,1,0,0,0,a,0,0,0,0,0,899152,0,,,0,0,80,V20557,U,,"New York-Newark-Bridgeport, NY-NJ-CT-PA",,V20557,0,0,0,B,Ridgefield,Ridgefield,0,0,0,9,1,<2004-10,<2004-10,P,,N,C,86392
6888, ,0,0,0,0,0,0,0,0,0,0,0,0,0,0,0,0,0,41.1417,-73.3585,9,CT,Connecticut,N,,203,WESTPORT,PROMOTIONAL DEV INC,FAIRFIELD,1,9,5,Y,5602,8040,408,14860,,Metro,"Bridgeport-Stamford-Norwalk, CT",New York-Northern New Jersey-Long Island,"Stamford-Norwalk, CT PMSA",Northeast,New England,N,2,0,0,0,a,0,0,0,0,0,899152,0,,,0,0,14,V20815,U,,"New York-Newark-Bridgeport, NY-NJ-CT-PA",,V20542,0,0,0,B,Westport,Promotional Dev Inc,0,0,0,9,1,<2004-10,<2004-10,N,Y,N,D,89112
6888,P,0,0,0,0,0,0,0,0,0,0,0,0,0,0,0,0,0,41.1417,-73.3585,9,CT,Connecticut,P,,203,WESTPORT,WESTPORT,FAIRFIELD,1,9,5,Y,5602,8040,408,14860,,Metro,"Bridgeport-Stamford-Norwalk, CT",New York-Northern New Jersey-Long Island,"Stamford-Norwalk, CT PMSA",Northeast,New England,Y,2,0,0,0,a,0,0,0,0,0,899152,0,,,0,0,14,V20815,U,,"New York-Newark-Bridgeport, NY-NJ-CT-PA",,V20815,0,0,0,B,Westport,Westport,0,0,0,9,1,<2004-10,<2004-10,P,,N,D,89112
6889, ,0,0,0,0,0,0,0,0,0,0,0,0,0,0,0,0,0,41.1417,-73.3585,9,CT,Connecticut,N,,203,WESTPORT,WEBSTERS UNIFIED,FAIRFIELD,1,9,5,Y,5602,8040,408,14860,,Metro,"Bridgeport-Stamford-Norwalk, CT",New York-Northern New Jersey-Long Island,"Stamford-Norwalk, CT PMSA",Northeast,New England,N,0,0,0,0,,0,0,0,0,0,899152,0,,,0,0,0,V20815,U,,"New York-Newark-Bridgeport, NY-NJ-CT-PA",,V20792,0,0,0,B,Westport,Websters Unified,0,0,0,9,1,<2004-10,<2004-10,N,Y,N,D,89112
6889,P,0,0,0,0,0,0,0,0,0,0,0,0,0,0,0,0,0,41.1417,-73.3585,9,CT,Connecticut,P,,203,WESTPORT,WESTPORT,FAIRFIELD,1,9,5,Y,5602,8040,408,14860,,Metro,"Bridgeport-Stamford-Norwalk, CT",New York-Northern New Jersey-Long Island,"Stamford-Norwalk, CT PMSA",Northeast,New England,Y,0,0,0,0,,0,0,0,0,0,899152,0,,,0,0,0,V20815,U,,"New York-Newark-Bridgeport, NY-NJ-CT-PA",,V20815,0,0,0,B,Westport,Westport,0,0,0,9,1,<2004-10,<2004-10,P,,N,D,89112
6901,P,6398,3632,3586,1490,1347,534,6,17,466,3193,3205,1.86,232300,38523,35.8,34,38.6,41.054956,-73.538734,9,CT,Connecticut,P,,203,STAMFORD,STAMFORD,FAIRFIELD,1,9,5,Y,5602,8040,408,14860,,Metro,"Bridgeport-Stamford-Norwalk, CT",New York-Northern New Jersey-Long Island,"Stamford-Norwalk, CT PMSA",Northeast,New England,Y,1089,21082,1477670,3304827, ,0,0,0,0,0,899152,0,4,456.94,4213,1162,5678,V20671, ,,"New York-Newark-Bridgeport, NY-NJ-CT-PA",,V20671,7836,0.52,0,,Stamford,Stamford,0,209,3883,9,1,<2004-10,<2004-10,P,,Y,D,87718
6902,P,58549,22668,33838,13839,14676,2300,21,186,5926,28256,30293,2.65,309000,52315,34.7,33,36.4,41.060298,-73.545275,9,CT,Connecticut,P,,203,STAMFORD,STAMFORD,FAIRFIELD,1,9,5,Y,5602,8040,408,14860,,Metro,"Bridgeport-Stamford-Norwalk, CT",New York-Northern New Jersey-Long Island,"Stamford-Norwalk, CT PMSA",Northeast,New England,Y,1751,38236,1246783,3569418, ,0,0,0,0,0,899152,0,4,456.94,22753,1827,24634,V20671, ,,"New York-Newark-Bridgeport, NY-NJ-CT-PA",,V20671,60295,9.7,0.01,,Stamford,Stamford,0,13317,7234,9,1,<2004-10,<2004-10,P,,Y,D,87718
6903,P,14606,5143,13401,450,393,503,4,8,102,7168,7438,2.87,552800,118440,41.5,41.2,41.9,41.13618,-73.574052,9,CT,Connecticut,P,,203,STAMFORD,STAMFORD,FAIRFIELD,1,9,5,Y,5602,8040,408,14860,,Metro,"Bridgeport-Stamford-Norwalk, CT",New York-Northern New Jersey-Long Island,"Stamford-Norwalk, CT PMSA",Northeast,New England,Y,290,1592,14373,68019, ,0,0,0,0,0,899152,0,4,456.94,5070,82,7354,V20671, ,,"New York-Newark-Bridgeport, NY-NJ-CT-PA",,V20671,14550,17.75,0.84,,Stamford,Stamford,0,5070,0,9,1,<2004-10,<2004-10,P,,Y,D,87718
6904,P,0,0,0,0,0,0,0,0,0,0,0,0,0,0,0,0,0,41.0535,-73.5394,9,CT,Connecticut,Z,,203,STAMFORD,STAMFORD,FAIRFIELD,1,9,5,Y,5602,8040,408,14860,,Metro,"Bridgeport-Stamford-Norwalk, CT",New York-Northern New Jersey-Long Island,"Stamford-Norwalk, CT PMSA",Northeast,New England,Y,82,4083,161719,523558, ,0,0,0,0,0,899152,0,,,0,0,919,V20671,P,,"New York-Newark-Bridgeport, NY-NJ-CT-PA",,V20671,0,0,0,,Stamford,Stamford,689,0,0,9,1,<2004-10,<2004-10,P,,Y,D,87718
6907, ,9007,3668,7856,371,656,405,3,6,212,4341,4666,2.49,300100,66150,37.7,36.8,38.5,41.096524,-73.518455,9,CT,Connecticut,N,,203/860,STAMFORD,SPRINGDALE,FAIRFIELD,1,9,5,Y,5602,8040,408,14860,,Metro,"Bridgeport-Stamford-Norwalk, CT",New York-Northern New Jersey-Long Island,"Stamford-Norwalk, CT PMSA",Northeast,New England,N,276,2728,33977,138441, ,0,0,0,0,0,899152,0,4,456.94,3522,253,4734,V20671, ,,"New York-Newark-Bridgeport, NY-NJ-CT-PA",,V20639,8769,2.29,0,,Stamford,Springdale,336,2714,461,9,1,<2004-10,<2004-10,N,,Y,D,87718
6907,P,9007,3668,7856,371,656,405,3,6,212,4341,4666,2.49,300100,66150,37.7,36.8,38.5,41.096524,-73.518455,9,CT,Connecticut,P,,203/860,STAMFORD,STAMFORD,FAIRFIELD,1,9,5,Y,5602,8040,408,14860,,Metro,"Bridgeport-Stamford-Norwalk, CT",New York-Northern New Jersey-Long Island,"Stamford-Norwalk, CT PMSA",Northeast,New England,Y,276,2728,33977,138441, ,0,0,0,0,0,899152,0,4,456.94,3522,253,4734,V20671, ,,"New York-Newark-Bridgeport, NY-NJ-CT-PA",,V20671,8769,2.29,0,,Stamford,Stamford,336,2714,461,9,1,<2004-10,<2004-10,P,,Y,D,87718
6910,P,0,0,0,0,0,0,0,0,0,0,0,0,0,0,0,0,0,41.0489,-73.5575,9,CT,Connecticut,P,,203,STAMFORD,STAMFORD,FAIRFIELD,1,9,5,Y,5602,8040,408,14860,,Metro,"Bridgeport-Stamford-Norwalk, CT",New York-Northern New Jersey-Long Island,"Stamford-Norwalk, CT PMSA",Northeast,New England,Y,1,0,0,0,a,0,0,0,0,0,899152,0,4,456.94,0,0,347,V20671, ,,"New York-Newark-Bridgeport, NY-NJ-CT-PA",,V20671,0,0,0,,Stamford,Stamford,0,0,0,9,1,<2004-10,<2004-10,P,,Y,C,87718
6911,P,0,0,0,0,0,0,0,0,0,0,0,0,0,0,0,0,0,41.0535,-73.5394,9,CT,Connecticut,Z,,203,STAMFORD,STAMFORD,FAIRFIELD,1,9,5,Y,5602,8040,408,14860,,Metro,"Bridgeport-Stamford-Norwalk, CT",New York-Northern New Jersey-Long Island,"Stamford-Norwalk, CT PMSA",Northeast,New England,Y,4,0,0,0,b,0,0,0,0,0,899152,0,,,0,0,508,V20671,P,,"New York-Newark-Bridgeport, NY-NJ-CT-PA",,V20671,0,0,0,,Stamford,Stamford,388,0,0,9,1,<2004-10,<2004-10,P,,Y,C,87718
6914,P,0,0,0,0,0,0,0,0,0,0,0,0,0,0,0,0,0,41.0535,-73.5394,9,CT,Connecticut,P,,203,STAMFORD,STAMFORD,FAIRFIELD,1,9,5,Y,5602,8040,408,14860,,Metro,"Bridgeport-Stamford-Norwalk, CT",New York-Northern New Jersey-Long Island,"Stamford-Norwalk, CT PMSA",Northeast,New England,Y,0,0,0,0,,0,0,0,0,0,899152,0,,,0,0,0,V20671,U,,"New York-Newark-Bridgeport, NY-NJ-CT-PA",,V20671,0,0,0,B,Stamford,Stamford,0,0,0,9,1,<2004-10,<2004-10,P,,N,C,87718
6920, ,0,0,0,0,0,0,0,0,0,0,0,0,0,0,0,0,0,41.0535,-73.5394,9,CT,Connecticut,N,,203,STAMFORD,CONN NATIONAL BANK,FAIRFIELD,1,9,5,Y,5602,8040,408,14860,,Metro,"Bridgeport-Stamford-Norwalk, CT",New York-Northern New Jersey-Long Island,"Stamford-Norwalk, CT PMSA",Northeast,New England,N,0,0,0,0,,0,0,0,0,0,899152,0,,,0,0,0,V20671,U,,"New York-Newark-Bridgeport, NY-NJ-CT-PA",,V20136,0,0,0,B,Stamford,Conn National Bank,0,0,0,9,1,<2004-10,<2004-10,N,Y,N,C,87718
6920,P,0,0,0,0,0,0,0,0,0,0,0,0,0,0,0,0,0,41.0535,-73.5394,9,CT,Connecticut,P,,203,STAMFORD,STAMFORD,FAIRFIELD,1,9,5,Y,5602,8040,408,14860,,Metro,"Bridgeport-Stamford-Norwalk, CT",New York-Northern New Jersey-Long Island,"Stamford-Norwalk, CT PMSA",Northeast,New England,Y,0,0,0,0,,0,0,0,0,0,899152,0,,,0,0,0,V20671,U,,"New York-Newark-Bridgeport, NY-NJ-CT-PA",,V20671,0,0,0,B,Stamford,Stamford,0,0,0,9,1,<2004-10,<2004-10,P,,N,C,87718
6921, ,0,0,0,0,0,0,0,0,0,0,0,0,0,0,0,0,0,41.0535,-73.5394,9,CT,Connecticut,N,,203,STAMFORD,CHAMPION INTERNATIONAL,FAIRFIELD,1,9,5,Y,5602,8040,408,14860,,Metro,"Bridgeport-Stamford-Norwalk, CT",New York-Northern New Jersey-Long Island,"Stamford-Norwalk, CT PMSA",Northeast,New England,N,4,0,0,0,c,0,0,0,0,0,899152,0,,,0,1,1,V20671,U,,"New York-Newark-Bridgeport, NY-NJ-CT-PA",,V20116,0,0,0,B,Stamford,Champion International,0,0,0,9,1,<2004-10,<2004-10,N,Y,N,C,87718
6925,P,0,0,0,0,0,0,0,0,0,0,0,0,0,0,0,0,0,41.0535,-73.5394,9,CT,Connecticut,P,,203,STAMFORD,STAMFORD,FAIRFIELD,1,9,5,Y,5602,8040,408,14860,,Metro,"Bridgeport-Stamford-Norwalk, CT",New York-Northern New Jersey-Long Island,"Stamford-Norwalk, CT PMSA",Northeast,New England,Y,0,0,0,0,,0,0,0,0,0,899152,0,,,0,0,0,V20671,U,,"New York-Newark-Bridgeport, NY-NJ-CT-PA",,V20671,0,0,0,B,Stamford,Stamford,0,0,0,9,1,<2004-10,<2004-10,P,,N,C,87718
6926, ,0,0,0,0,0,0,0,0,0,0,0,0,0,0,0,0,0,41.0535,-73.5394,9,CT,Connecticut,N,,203,STAMFORD,PITNEY BOWES INC,FAIRFIELD,1,9,5,Y,5602,8040,408,14860,,Metro,"Bridgeport-Stamford-Norwalk, CT",New York-Northern New Jersey-Long Island,"Stamford-Norwalk, CT PMSA",Northeast,New England,N,15,0,0,0,j,0,0,0,0,0,899152,0,,,0,2,2,V20671,U,,"New York-Newark-Bridgeport, NY-NJ-CT-PA",,V20512,0,0,0,B,Stamford,Pitney Bowes Inc,0,0,0,9,1,<2004-10,<2004-10,N,Y,N,C,87718
6926,P,0,0,0,0,0,0,0,0,0,0,0,0,0,0,0,0,0,41.0535,-73.5394,9,CT,Connecticut,P,,203,STAMFORD,STAMFORD,FAIRFIELD,1,9,5,Y,5602,8040,408,14860,,Metro,"Bridgeport-Stamford-Norwalk, CT",New York-Northern New Jersey-Long Island,"Stamford-Norwalk, CT PMSA",Northeast,New England,Y,15,0,0,0,j,0,0,0,0,0,899152,0,,,0,2,2,V20671,U,,"New York-Newark-Bridgeport, NY-NJ-CT-PA",,V20671,0,0,0,B,Stamford,Stamford,0,0,0,9,1,<2004-10,<2004-10,P,,N,C,87718
6927, ,0,0,0,0,0,0,0,0,0,0,0,0,0,0,0,0,0,41.0535,-73.5394,9,CT,Connecticut,N,,203,STAMFORD,GECC,FAIRFIELD,1,9,5,Y,5602,8040,408,14860,,Metro,"Bridgeport-Stamford-Norwalk, CT",New York-Northern New Jersey-Long Island,"Stamford-Norwalk, CT PMSA",Northeast,New England,N,13,0,0,0,e,0,0,0,0,0,899152,0,,,0,1,1,V20671,U,,"New York-Newark-Bridgeport, NY-NJ-CT-PA",,V20245,0,0,0,B,Stamford,Gecc,0,0,0,9,1,<2004-10,<2004-10,N,Y,N,C,87718
6880, ,25807,10086,24560,292,603,626,5,12,103,12273,13534,2.66,626500,120036,41.5,41.2,41.7,41.137996,-73.34415,9,CT,Connecticut,N,,203/860,WESTPORT,SAUGATUCK,FAIRFIELD,1,9,5,Y,5602,8040,408,14860,,Metro,"Bridgeport-Stamford-Norwalk, CT",New York-Northern New Jersey-Long Island,"Stamford-Norwalk, CT PMSA",Northeast,New England,N,1619,15638,259878,1224049, ,0,0,0,0,0,899152,0,4,456.94,9903,1572,11805,V20815, ,,"New York-Newark-Bridgeport, NY-NJ-CT-PA",,V20585,26341,20.03,0.05,,Westport,Saugatuck,263,9311,300,9,1,<2004-10,<2004-10,N,,Y,D,89112
6880,P,25807,10086,24560,292,603,626,5,12,103,12273,13534,2.66,626500,120036,41.5,41.2,41.7,41.137996,-73.34415,9,CT,Connecticut,P,,203/860,WESTPORT,WESTPORT,FAIRFIELD,1,9,5,Y,5602,8040,408,14860,,Metro,"Bridgeport-Stamford-Norwalk, CT",New York-Northern New Jersey-Long Island,"Stamford-Norwalk, CT PMSA",Northeast,New England,Y,1619,15638,259878,1224049, ,0,0,0,0,0,899152,0,4,456.94,9903,1572,11805,V20815, ,,"New York-Newark-Bridgeport, NY-NJ-CT-PA",,V20815,26341,20.03,0.05,,Westport,Westport,263,9311,300,9,1,<2004-10,<2004-10,P,,Y,D,89112
6881,P,0,0,0,0,0,0,0,0,0,0,0,0,0,0,0,0,0,41.1417,-73.3585,9,CT,Connecticut,Z,,203,WESTPORT,WESTPORT,FAIRFIELD,1,9,5,Y,5602,8040,408,14860,,Metro,"Bridgeport-Stamford-Norwalk, CT",New York-Northern New Jersey-Long Island,"Stamford-Norwalk, CT PMSA",Northeast,New England,Y,23,730,14661,42572, ,0,0,0,0,0,899152,0,,,0,0,861,V20815,P,,"New York-Newark-Bridgeport, NY-NJ-CT-PA",,V20815,0,0,0,,Westport,Westport,231,0,0,9,1,<2004-10,<2004-10,P,,Y,C,89112
6883,P,10037,3532,9610,88,206,195,10,11,25,4930,5107,3.03,633900,146697,39.7,39.8,39.7,41.222568,-73.376709,9,CT,Connecticut,B,,203/860,WESTON,WESTON,FAIRFIELD,1,9,5,Y,5602,8040,408,14860,,Metro,"Bridgeport-Stamford-Norwalk, CT",New York-Northern New Jersey-Long Island,"Stamford-Norwalk, CT PMSA",Northeast,New England,Y,167,821,6873,32417, ,0,0,0,0,0,899152,0,4,456.94,3524,20,3733,V20814, ,,"New York-Newark-Bridgeport, NY-NJ-CT-PA",,V20814,10677,19.72,0.9,,Weston,Weston,94,3518,0,9,1,<2004-10,<2004-10,B,,Y,D,89112
6890,P,0,0,0,0,0,0,0,0,0,0,0,0,0,0,0,0,0,41.148668,-73.290929,9,CT,Connecticut,P,,203,SOUTHPORT,SOUTHPORT,FAIRFIELD,1,9,5,Y,,,408,14860,,Metro,"Bridgeport-Stamford-Norwalk, CT",,,Northeast,New England,Y,63,674,9367,42384, ,0,0,0,0,0,899152,0,4,456.94,1562,203,2304,V20637, ,,"New York-Newark-Bridgeport, NY-NJ-CT-PA",,V20637,4193,0,0,,Southport,Southport,312,1324,194,9,1,<2004-10,<2004-10,P,,Y,D,87412
6896, ,8223,3065,7906,62,122,146,0,6,34,4085,4138,2.84,393700,104369,41,41,41,41.302196,-73.388026,9,CT,Connecticut,P,,203/860,REDDING,WEST REDDING,FAIRFIELD,1,9,5,Y,5602,1930,408,14860,,Metro,"Bridgeport-Stamford-Norwalk, CT",New York-Northern New Jersey-Long Island,"Danbury, CT PMSA",Northeast,New England,Y,186,941,7913,39029, ,0,0,0,0,0,899152,0,4,456.94,3347,26,3705,V28360, ,,"New York-Newark-Bridgeport, NY-NJ-CT-PA",,V20806,9505,31.32,0.58,,Redding,West Redding,172,2927,399,9,1,<2004-10,<2004-10,P,,N,D,89146
6896,P,8223,3065,7906,62,122,146,0,6,34,4085,4138,2.84,393700,104369,41,41,41,41.302196,-73.388026,9,CT,Connecticut,N,,203/860,REDDING,REDDING,FAIRFIELD,1,9,5,Y,5602,1930,408,14860,,Metro,"Bridgeport-Stamford-Norwalk, CT",New York-Northern New Jersey-Long Island,"Danbury, CT PMSA",Northeast,New England,Y,186,941,7913,39029, ,0,0,0,0,0,899152,0,4,456.94,3347,26,3705,V28360, ,,"New York-Newark-Bridgeport, NY-NJ-CT-PA",,V28360,9505,31.32,0.58,,Redding,Redding,172,2927,399,9,1,<2004-10,<2004-10,N,,N,D,89146
6897,P,17637,6115,16852,106,269,474,2,15,48,8543,9094,2.91,561100,141428,40.2,39.2,41,41.20936,-73.441722,9,CT,Connecticut,P,,203,WILTON,WILTON,FAIRFIELD,1,9,5,Y,5602,8040,408,14860,,Metro,"Bridgeport-Stamford-Norwalk, CT",New York-Northern New Jersey-Long Island,"Stamford-Norwalk, CT PMSA",Northeast,New England,Y,788,11668,205793,1292231, ,0,0,0,0,0,899152,0,4,456.94,6136,618,7263,V20830, ,,"New York-Newark-Bridgeport, NY-NJ-CT-PA",,V20830,17855,26.96,0.4,,Wilton,Wilton,202,5434,391,9,1,<2004-10,<2004-10,P,,Y,D,89350
6905, ,20130,8712,16334,1207,1597,1667,3,14,546,9636,10494,2.39,327800,67285,37.4,35.8,39,41.086037,-73.54302,9,CT,Connecticut,N,,203,STAMFORD,RIDGEWAY,FAIRFIELD,1,9,5,Y,5602,8040,408,14860,,Metro,"Bridgeport-Stamford-Norwalk, CT",New York-Northern New Jersey-Long Island,"Stamford-Norwalk, CT PMSA",Northeast,New England,Y,1018,10616,191898,702074, ,0,0,0,0,0,899152,0,4,456.94,8209,841,9590,V20671, ,,"New York-Newark-Bridgeport, NY-NJ-CT-PA",,V20558,19619,5,0,,Stamford,Ridgeway,313,5359,2170,9,1,<2004-10,<2004-10,N,,Y,D,87718
6905,P,20130,8712,16334,1207,1597,1667,3,14,546,9636,10494,2.39,327800,67285,37.4,35.8,39,41.086037,-73.54302,9,CT,Connecticut,P,,203,STAMFORD,STAMFORD,FAIRFIELD,1,9,5,Y,5602,8040,408,14860,,Metro,"Bridgeport-Stamford-Norwalk, CT",New York-Northern New Jersey-Long Island,"Stamford-Norwalk, CT PMSA",Northeast,New England,Y,1018,10616,191898,702074, ,0,0,0,0,0,899152,0,4,456.94,8209,841,9590,V20671, ,,"New York-Newark-Bridgeport, NY-NJ-CT-PA",,V20671,19619,5,0,,Stamford,Stamford,313,5359,2170,9,1,<2004-10,<2004-10,P,,Y,D,87718
6906, ,8208,3420,6527,657,962,446,9,12,356,3935,4273,2.44,290300,66983,36.1,35.2,37.1,41.072214,-73.52213,9,CT,Connecticut,N,,203,STAMFORD,GLENBROOK,FAIRFIELD,1,9,5,Y,5602,8040,408,14860,,Metro,"Bridgeport-Stamford-Norwalk, CT",New York-Northern New Jersey-Long Island,"Stamford-Norwalk, CT PMSA",Northeast,New England,N,291,2838,25846,114193, ,0,0,0,0,0,899152,0,4,456.94,3530,317,4848,V20671, ,,"New York-Newark-Bridgeport, NY-NJ-CT-PA",,V20252,8613,1.24,0,,Stamford,Glenbrook,225,2720,510,9,1,<2004-10,<2004-10,N,,Y,D,87718
6906,P,8208,3420,6527,657,962,446,9,12,356,3935,4273,2.44,290300,66983,36.1,35.2,37.1,41.072214,-73.52213,9,CT,Connecticut,P,,203,STAMFORD,STAMFORD,FAIRFIELD,1,9,5,Y,5602,8040,408,14860,,Metro,"Bridgeport-Stamford-Norwalk, CT",New York-Northern New Jersey-Long Island,"Stamford-Norwalk, CT PMSA",Northeast,New England,Y,291,2838,25846,114193, ,0,0,0,0,0,899152,0,4,456.94,3530,317,4848,V20671, ,,"New York-Newark-Bridgeport, NY-NJ-CT-PA",,V20671,8613,1.24,0,,Stamford,Stamford,225,2720,510,9,1,<2004-10,<2004-10,P,,Y,D,87718
6912,P,0,0,0,0,0,0,0,0,0,0,0,0,0,0,0,0,0,41.0535,-73.5394,9,CT,Connecticut,Z,,203,STAMFORD,STAMFORD,FAIRFIELD,1,9,5,Y,5602,8040,408,14860,,Metro,"Bridgeport-Stamford-Norwalk, CT",New York-Northern New Jersey-Long Island,"Stamford-Norwalk, CT PMSA",Northeast,New England,Y,6,0,0,0,e,0,0,0,0,0,899152,0,,,0,0,118,V20671,P,,"New York-Newark-Bridgeport, NY-NJ-CT-PA",,V20671,0,0,0,,Stamford,Stamford,0,0,0,9,1,<2004-10,<2004-10,P,,Y,C,87718
6913, ,0,0,0,0,0,0,0,0,0,0,0,0,0,0,0,0,0,41.0535,-73.5394,9,CT,Connecticut,N,,203,STAMFORD,SHARED ZIP FOR BRM,FAIRFIELD,1,9,5,Y,5602,8040,408,14860,,Metro,"Bridgeport-Stamford-Norwalk, CT",New York-Northern New Jersey-Long Island,"Stamford-Norwalk, CT PMSA",Northeast,New England,N,1,0,0,0,a,0,0,0,0,0,899152,0,,,0,0,1,V20671,U,,"New York-Newark-Bridgeport, NY-NJ-CT-PA",,V20595,0,0,0,B,Stamford,Shared Zip For Brm,0,0,0,9,1,<2004-10,<2004-10,N,Y,N,C,87718
6913,P,0,0,0,0,0,0,0,0,0,0,0,0,0,0,0,0,0,41.0535,-73.5394,9,CT,Connecticut,P,,203,STAMFORD,STAMFORD,FAIRFIELD,1,9,5,Y,5602,8040,408,14860,,Metro,"Bridgeport-Stamford-Norwalk, CT",New York-Northern New Jersey-Long Island,"Stamford-Norwalk, CT PMSA",Northeast,New England,Y,1,0,0,0,a,0,0,0,0,0,899152,0,,,0,0,1,V20671,U,,"New York-Newark-Bridgeport, NY-NJ-CT-PA",,V20671,0,0,0,B,Stamford,Stamford,0,0,0,9,1,<2004-10,<2004-10,P,,N,C,87718
6914, ,0,0,0,0,0,0,0,0,0,0,0,0,0,0,0,0,0,41.0535,-73.5394,9,CT,Connecticut,N,,203,STAMFORD,SHARED ZIP FOR BRM,FAIRFIELD,1,9,5,Y,5602,8040,408,14860,,Metro,"Bridgeport-Stamford-Norwalk, CT",New York-Northern New Jersey-Long Island,"Stamford-Norwalk, CT PMSA",Northeast,New England,N,0,0,0,0,,0,0,0,0,0,899152,0,,,0,0,0,V20671,U,,"New York-Newark-Bridgeport, NY-NJ-CT-PA",,V20595,0,0,0,B,Stamford,Shared Zip For Brm,0,0,0,9,1,<2004-10,<2004-10,N,Y,N,C,87718
6921,P,0,0,0,0,0,0,0,0,0,0,0,0,0,0,0,0,0,41.0535,-73.5394,9,CT,Connecticut,P,,203,STAMFORD,STAMFORD,FAIRFIELD,1,9,5,Y,5602,8040,408,14860,,Metro,"Bridgeport-Stamford-Norwalk, CT",New York-Northern New Jersey-Long Island,"Stamford-Norwalk, CT PMSA",Northeast,New England,Y,4,0,0,0,c,0,0,0,0,0,899152,0,,,0,1,1,V20671,U,,"New York-Newark-Bridgeport, NY-NJ-CT-PA",,V20671,0,0,0,B,Stamford,Stamford,0,0,0,9,1,<2004-10,<2004-10,P,,N,C,87718
6922, ,0,0,0,0,0,0,0,0,0,0,0,0,0,0,0,0,0,41.0535,-73.5394,9,CT,Connecticut,N,,203,STAMFORD,CLAIROL CO,FAIRFIELD,1,9,5,Y,5602,8040,408,14860,,Metro,"Bridgeport-Stamford-Norwalk, CT",New York-Northern New Jersey-Long Island,"Stamford-Norwalk, CT PMSA",Northeast,New England,N,4,0,0,0,b,0,0,0,0,0,899152,0,,,0,1,1,V20671,U,,"New York-Newark-Bridgeport, NY-NJ-CT-PA",,V20123,0,0,0,B,Stamford,Clairol Co,0,0,0,9,1,<2004-10,<2004-10,N,Y,N,C,87718
6922,P,0,0,0,0,0,0,0,0,0,0,0,0,0,0,0,0,0,41.0535,-73.5394,9,CT,Connecticut,P,,203,STAMFORD,STAMFORD,FAIRFIELD,1,9,5,Y,5602,8040,408,14860,,Metro,"Bridgeport-Stamford-Norwalk, CT",New York-Northern New Jersey-Long Island,"Stamford-Norwalk, CT PMSA",Northeast,New England,Y,4,0,0,0,b,0,0,0,0,0,899152,0,,,0,1,1,V20671,U,,"New York-Newark-Bridgeport, NY-NJ-CT-PA",,V20671,0,0,0,B,Stamford,Stamford,0,0,0,9,1,<2004-10,<2004-10,P,,N,C,87718
06925, ,0,0,0,0,0,0,0,0,0,0,0,0,0,0,0,0,0,41.0535,-73.5394,9,CT,Connecticut,N,,203,STAMFORD,CONN BANK & TRUST,FAIRFIELD,1,9,5,Y,5602,8040,408,14860,,Metro,"Bridgeport-Stamford-Norwalk, CT",New York-Northern New Jersey-Long Island,"Stamford-Norwalk, CT PMSA",Northeast,New England,N,0,0,0,0,,0,0,0,0,0,899152,0,,,0,0,0,V20671,U,,"New York-Newark-Bridgeport, NY-NJ-CT-PA",,V20134,0,0,0,B,Stamford,Conn Bank & Trust,0,0,0,9,1,<2004-10,<2004-10,N,Y,N,C,87718
06927,P,0,0,0,0,0,0,0,0,0,0,0,0,0,0,0,0,0,41.0535,-73.5394,9,CT,Connecticut,P,,203,STAMFORD,STAMFORD,FAIRFIELD,1,9,5,Y,5602,8040,408,14860,,Metro,"Bridgeport-Stamford-Norwalk, CT",New York-Northern New Jersey-Long Island,"Stamford-Norwalk, CT PMSA",Northeast,New England,Y,13,0,0,0,e,0,0,0,0,0,899152,0,,,0,1,1,V20671,U,,"New York-Newark-Bridgeport, NY-NJ-CT-PA",,V20671,0,0,0,B,Stamford,Stamford,0,0,0,9,1,<2004-10,<2004-10,P,,N,C,87718
06928, ,0,0,0,0,0,0,0,0,0,0,0,0,0,0,0,0,0,41.0535,-73.5394,9,CT,Connecticut,N,,203,STAMFORD,INTERNATIONAL MASTERS PUB,FAIRFIELD,1,9,5,Y,5602,8040,408,14860,,Metro,"Bridgeport-Stamford-Norwalk, CT",New York-Northern New Jersey-Long Island,"Stamford-Norwalk, CT PMSA",Northeast,New England,N,0,0,0,0,,0,0,0,0,0,899152,0,,,0,0,0,V20671,U,,"New York-Newark-Bridgeport, NY-NJ-CT-PA",,V20308,0,0,0,B,Stamford,International Masters Pub,0,0,0,9,1,<2004-10,<2004-10,N,Y,N,C,87718
06928,P,0,0,0,0,0,0,0,0,0,0,0,0,0,0,0,0,0,41.0535,-73.5394,9,CT,Connecticut,P,,203,STAMFORD,STAMFORD,FAIRFIELD,1,9,5,Y,5602,8040,408,14860,,Metro,"Bridgeport-Stamford-Norwalk, CT",New York-Northern New Jersey-Long Island,"Stamford-Norwalk, CT PMSA",Northeast,New England,Y,0,0,0,0,,0,0,0,0,0,899152,0,,,0,0,0,V20671,U,,"New York-Newark-Bridgeport, NY-NJ-CT-PA",,V20671,0,0,0,B,Stamford,Stamford,0,0,0,9,1,<2004-10,<2004-10,P,,N,C,87718
29015,P,1774,701,244,1510,19,3,0,2,10,805,969,2.95,57200,27014,36.5,36.1,36.9,34.442837,-81.326752,539,SC,South Carolina,P,,803,BLAIR,BLAIR,FAIRFIELD,39,45,5,Y,,,192,17900,,Metro,"Columbia, SC",,,South,South Atlantic,Y,8,30,232,845, ,0,0,0,0,0,671407,0,5,7034.99,632,12,672,X23555, ,,"Columbia-Newberry, SC",,X23555,1864,116.35,0.87,,Blair,Blair,23,632,0,45,39,<2004-10,<2004-10,P,,N,C,450720
29065,P,724,335,133,590,3,0,0,0,1,332,392,2.51,73700,24545,39.2,38.8,39.7,34.268266,-81.269982,539,SC,South Carolina,P,,803,JENKINSVILLE,JENKINSVILLE,FAIRFIELD,39,45,5,Y,,,192,17900,,Metro,"Columbia, SC",,,South,South Atlantic,Y,15,0,0,0,f,0,0,0,0,0,671407,0,5,7034.99,265,6,401,X24077, ,,"Columbia-Newberry, SC",,X24077,665,25.76,0,,Jenkinsville,Jenkinsville,85,265,0,45,39,<2004-10,<2004-10,P,,N,C,454360
29065, ,724,335,133,590,3,0,0,0,1,332,392,2.51,73700,24545,39.2,38.8,39.7,34.268266,-81.269982,539,SC,South Carolina,N,,803,JENKINSVILLE,MONTICELLO,FAIRFIELD,39,45,5,Y,,,192,17900,,Metro,"Columbia, SC",,,South,South Atlantic,Y,15,0,0,0,f,0,0,0,0,0,671407,0,5,7034.99,265,6,401,X24077, ,,"Columbia-Newberry, SC",,6367,665,25.76,0,,Jenkinsville,Monticello,85,265,0,45,39,<2004-10,2005-08,N,,N,C,454360
29130, ,5413,2640,2632,2684,53,11,0,17,30,2602,2811,2.55,91200,35734,41.3,40.9,41.6,34.327281,-80.883682,539,SC,South Carolina,N,,803,RIDGEWAY,LONGTOWN,FAIRFIELD,39,45,5,Y,,,192,17900,,Metro,"Columbia, SC",,,South,South Atlantic,N,91,1533,13058,51828, ,0,0,0,0,0,671407,0,02|05,4767.30|7034.99,2544,67,3134,X24502, ,Y,"Columbia-Newberry, SC",,X24188,6487,138.48,0.17,,Ridgeway,Longtown,431,2526,18,45,39,<2004-10,<2004-10,N,,N,C,457440
29130,P,5413,2640,2632,2684,53,11,0,17,30,2602,2811,2.55,91200,35734,41.3,40.9,41.6,34.327281,-80.883682,539,SC,South Carolina,P,,803,RIDGEWAY,RIDGEWAY,FAIRFIELD,39,45,5,Y,,,192,17900,,Metro,"Columbia, SC",,,South,South Atlantic,Y,91,1533,13058,51828, ,0,0,0,0,0,671407,0,02|05,4767.30|7034.99,2544,67,3134,X24502, ,Y,"Columbia-Newberry, SC",,X24502,6487,138.48,0.17,,Ridgeway,Ridgeway,431,2526,18,45,39,<2004-10,<2004-10,P,,N,C,457440
29130, ,5413,2640,2632,2684,53,11,0,17,30,2602,2811,2.55,91200,35734,41.3,40.9,41.6,34.327281,-80.883682,539,SC,South Carolina,N,,803,RIDGEWAY,SMALLWOOD,FAIRFIELD,39,45,5,Y,,,192,17900,,Metro,"Columbia, SC",,,South,South Atlantic,N,91,1533,13058,51828, ,0,0,0,0,0,671407,0,02|05,4767.30|7034.99,2544,67,3134,X24502, ,Y,"Columbia-Newberry, SC",,X24610,6487,138.48,0.17,,Ridgeway,Smallwood,431,2526,18,45,39,<2004-10,<2004-10,N,,N,C,457440
29132,P,47,23,14,33,0,0,0,0,0,28,19,2.35,45000,36406,34.3,35.5,30.5,34.30815,-81.127164,539,SC,South Carolina,Z,,803,RION,RION,FAIRFIELD,39,45,5,Y,,,192,17900,,Metro,"Columbia, SC",,,South,South Atlantic,Y,0,0,0,0,,0,0,0,0,0,671407,0,5,7034.99,0,0,29,X24505,P,,"Columbia-Newberry, SC",,X24505,0,0.18,0,,Rion,Rion,27,0,0,45,39,<2004-10,<2004-10,P,,N,C,457480
29180, ,14535,6384,5855,8485,168,34,0,18,64,6919,7616,2.61,70200,28617,35.5,34.6,36.4,34.357979,-81.059476,539,SC,South Carolina,N,,803,WINNSBORO,GREENBRIER,FAIRFIELD,39,45,5,Y,,,192,17900,,Metro,"Columbia, SC",,,South,South Atlantic,N,254,2648,16569,66657, ,0,0,0,0,0,671407,0,02|05,4767.30|7034.99,5395,311,6412,X24825, ,Y,"Columbia-Newberry, SC",,X23982,14080,331.22,1.29,,Winnsboro,Greenbrier,320,4913,112,45,39,<2004-10,<2004-10,N,,Y,D,459720
29180,P,14535,6384,5855,8485,168,34,0,18,64,6919,7616,2.61,70200,28617,35.5,34.6,36.4,34.357979,-81.059476,539,SC,South Carolina,P,,803,WINNSBORO,WINNSBORO,FAIRFIELD,39,45,5,Y,,,192,17900,,Metro,"Columbia, SC",,,South,South Atlantic,Y,254,2648,16569,66657, ,0,0,0,0,0,671407,0,02|05,4767.30|7034.99,5395,311,6412,X24825, ,Y,"Columbia-Newberry, SC",,X24825,14080,331.22,1.29,,Winnsboro,Winnsboro,320,4913,112,45,39,<2004-10,<2004-10,P,,Y,D,459720
29180, ,14535,6384,5855,8485,168,34,0,18,64,6919,7616,2.61,70200,28617,35.5,34.6,36.4,34.357979,-81.059476,539,SC,South Carolina,N,,803,WINNSBORO,WINNSBORO MILLS,FAIRFIELD,39,45,5,Y,,,192,17900,,Metro,"Columbia, SC",,,South,South Atlantic,N,254,2648,16569,66657, ,0,0,0,0,0,671407,0,02|05,4767.30|7034.99,5395,311,6412,X24825, ,Y,"Columbia-Newberry, SC",,X24826,14080,331.22,1.29,,Winnsboro,Winnsboro Mills,320,4913,112,45,39,<2004-10,<2004-10,N,,Y,D,459720
29180, ,14535,6384,5855,8485,168,34,0,18,64,6919,7616,2.61,70200,28617,35.5,34.6,36.4,34.357979,-81.059476,539,SC,South Carolina,N,,803,WINNSBORO,WHITE OAK,FAIRFIELD,39,45,5,Y,,,192,17900,,Metro,"Columbia, SC",,,South,South Atlantic,Y,254,2648,16569,66657, ,0,0,0,0,0,671407,0,02|05,4767.30|7034.99,5395,311,6412,X24825, ,Y,"Columbia-Newberry, SC",,4062,14080,331.22,1.29,,Winnsboro,White Oak,320,4913,112,45,39,<2004-10,<2004-10,N,,Y,D,459720
43046,P,3358,1631,3318,4,16,3,0,2,9,1638,1720,2.43,134700,48125,40.7,40.3,41,39.898461,-82.548058,898,OH,Ohio,P,,740,MILLERSPORT,MILLERSPORT,FAIRFIELD,45,39,5,Y,1840,,198,18140,,Metro,"Columbus, OH","Columbus, OH MSA",,Midwest,East North Central,Y,70,1506,10914,34239, ,0,0,0,0,0,1674589,0,07|12|18,2848.15|1016.04|6826.47,1174,29,1684,X21903, ,Y,"Columbus-Marion-Chillicothe, OH",,X21903,2852,27.21,0,,Millersport,Millersport,400,1150,0,39,45,<2004-10,<2004-10,P,,N,C,385278
43102,P,3886,1441,3825,4,21,10,0,3,10,1930,1956,2.83,102600,42088,35.8,35.5,36.1,39.648529,-82.749343,898,OH,Ohio,P,,740,AMANDA,AMANDA,FAIRFIELD,45,39,5,Y,1840,,198,18140,,Metro,"Columbus, OH","Columbus, OH MSA",,Midwest,East North Central,Y,41,364,2318,9491, ,0,0,0,0,0,1674589,0,07|18,2848.15|6826.47,1391,13,1749,X20060, ,Y,"Columbus-Marion-Chillicothe, OH",,X20060,3936,59.88,0,,Amanda,Amanda,292,1391,0,39,45,<2004-10,<2004-10,P,,N,C,380154
43107, ,2759,1092,2708,4,16,3,1,7,2,1383,1376,2.73,95400,44426,36.4,36,36.8,39.684221,-82.412319,898,OH,Ohio,N,,740,HIDEAWAY HLS,HIDE AWAY HILLS,FAIRFIELD,45,39,5,Y,1840,,198,18140,,Metro,"Columbus, OH","Columbus, OH MSA",,Midwest,East North Central,N,59,1079,10672,44582, ,0,0,0,0,0,1674589,0,07|18,2848.15|6826.47,1256,46,1420,X21311, ,Y,"Columbus-Marion-Chillicothe, OH",,X21310,3428,27.84,0.09,,Hideaway Hls,Hide Away Hills,46,1094,162,39,45,<2004-10,2005-06,N,,Y,C,381015
43107, ,2759,1092,2708,4,16,3,1,7,2,1383,1376,2.73,95400,44426,36.4,36,36.8,39.684221,-82.412319,898,OH,Ohio,N,,740,BREMEN,HIDEAWAY HLS,FAIRFIELD,45,39,5,Y,1840,,198,18140,,Metro,"Columbus, OH","Columbus, OH MSA",,Midwest,East North Central,Y,59,1079,10672,44582, ,0,0,0,0,0,1674589,0,07|18,2848.15|6826.47,1256,46,1420,X20319, ,Y,"Columbus-Marion-Chillicothe, OH",,X21311,3428,27.84,0.09,A,Bremen,Hideaway Hls,46,1094,162,39,45,<2004-10,<2004-10,N,,Y,C,381015
43130,P,55707,22924,53561,1151,395,224,15,156,79,27796,27911,2.47,105200,37967,36.9,34.7,39.2,39.68518,-82.607992,898,OH,Ohio,P,,614/740,LANCASTER,LANCASTER,FAIRFIELD,45,39,5,Y,1840,,198,18140,,Metro,"Columbus, OH","Columbus, OH MSA",,Midwest,East North Central,Y,1413,20731,138588,586027, ,0,0,0,0,0,1674589,0,7,2848.15,23528,1589,26107,X21557, ,Y,"Columbus-Marion-Chillicothe, OH",,X21557,58114,169.66,0.27,,Lancaster,Lancaster,526,20505,1673,39,45,<2004-10,<2004-10,P,,Y,D,384263
43105,P,7704,2934,7597,15,43,17,0,8,15,3834,3870,2.7,135000,52230,38,37.2,39,39.865376,-82.617183,898,OH,Ohio,P,,740,BALTIMORE,BALTIMORE,FAIRFIELD,45,39,5,Y,1840,,198,18140,,Metro,"Columbus, OH","Columbus, OH MSA",,Midwest,East North Central,Y,150,995,6975,30377, ,0,0,0,0,0,1674589,0,7,2848.15,3120,112,4015,X20144, ,Y,"Columbus-Marion-Chillicothe, OH",,X20144,8424,55.62,0.01,,Baltimore,Baltimore,75,2960,160,39,45,<2004-10,<2004-10,P,,Y,D,380427
43107,P,2759,1092,2708,4,16,3,1,7,2,1383,1376,2.73,95400,44426,36.4,36,36.8,39.684221,-82.412319,898,OH,Ohio,P,,740,BREMEN,BREMEN,FAIRFIELD,45,39,5,Y,1840,,198,18140,,Metro,"Columbus, OH","Columbus, OH MSA",,Midwest,East North Central,Y,59,1079,10672,44582, ,0,0,0,0,0,1674589,0,07|18,2848.15|6826.47,1256,46,1420,X20319, ,Y,"Columbus-Marion-Chillicothe, OH",,X20319,3428,27.84,0.09,,Bremen,Bremen,46,1094,162,39,45,<2004-10,<2004-10,P,,Y,C,381015
43112,P,3779,1423,3707,7,30,10,0,3,11,1927,1852,2.75,139900,58524,39.5,39.2,39.7,39.808767,-82.702584,898,OH,Ohio,P,,614/740,CARROLL,CARROLL,FAIRFIELD,45,39,5,Y,1840,,198,18140,,Metro,"Columbus, OH","Columbus, OH MSA",,Midwest,East North Central,Y,127,1217,7787,36051, ,0,0,0,0,0,1674589,0,7,2848.15,1531,87,1951,X20459, ,,"Columbus-Marion-Chillicothe, OH",,X20459,4210,32.82,0.02,,Carroll,Carroll,264,1516,2,39,45,<2004-10,<2004-10,P,,N,D,381372
43136,P,236,99,233,0,0,0,0,0,0,125,111,2.51,92100,40391,37,34.7,39.5,39.803007,-82.808146,898,OH,Ohio,P,,614,LITHOPOLIS,LITHOPOLIS,FAIRFIELD,45,39,5,Y,1840,,198,18140,,Metro,"Columbus, OH","Columbus, OH MSA",,Midwest,East North Central,Y,26,166,600,2508, ,0,0,0,0,0,1674589,0,7,2848.15,276,4,609,X21642, ,Y,"Columbus-Marion-Chillicothe, OH",,X21642,692,0.05,0,,Lithopolis,Lithopolis,242,259,0,39,45,<2004-10,<2004-10,P,,N,C,384529
43147,P,28137,9595,25969,1244,322,480,10,27,104,13965,14172,2.99,154200,75684,35.1,34.4,35.7,39.899895,-82.746661,898,OH,Ohio,P,,614/740,PICKERINGTON,PICKERINGTON,FAIRFIELD,45,39,5,Y,1840,,198,18140,,Metro,"Columbus, OH","Columbus, OH MSA",,Midwest,East North Central,Y,572,5436,30504,127351, ,0,0,0,0,0,1674589,0,12|07,1016.04|2848.15,13218,490,14646,X22423, ,Y,"Columbus-Marion-Chillicothe, OH",,X22423,39521,29.85,0.03,,Pickerington,Pickerington,364,11536,508,39,45,<2004-10,<2004-10,P,,Y,D,386615
43148,P,1834,700,1808,2,6,5,0,3,1,893,941,2.75,98700,34688,36.3,35.5,37.1,39.823684,-82.519785,898,OH,Ohio,P,,740,PLEASANTVILLE,PLEASANTVILLE,FAIRFIELD,45,39,5,Y,1840,,198,18140,,Metro,"Columbus, OH","Columbus, OH MSA",,Midwest,East North Central,Y,21,156,746,3440, ,0,0,0,0,0,1674589,0,7,2848.15,616,3,2080,X22466, ,Y,"Columbus-Marion-Chillicothe, OH",,X22466,1694,23.94,0,,Pleasantville,Pleasantville,268,584,0,39,45,<2004-10,<2004-10,P,,N,C,386727
43150,P,1977,743,1945,2,10,0,0,10,1,983,994,2.8,93800,41771,36.2,36.3,36.1,39.77601,-82.412867,898,OH,Ohio,P,,740,RUSHVILLE,RUSHVILLE,FAIRFIELD,45,39,5,Y,1840,,198,18140,,Metro,"Columbus, OH","Columbus, OH MSA",,Midwest,East North Central,Y,21,105,317,1640, ,0,0,0,0,0,1674589,0,7,2848.15,659,3,856,X22693, ,Y,"Columbus-Marion-Chillicothe, OH",,X22693,1845,26.74,0.8,,Rushville,Rushville,165,659,0,39,45,<2004-10,<2004-10,P,,N,C,387294
43154,P,2450,889,2415,12,5,0,0,4,0,1228,1222,2.84,118300,52028,35.7,35.3,36.2,39.614824,-82.818131,898,OH,Ohio,P,,740,STOUTSVILLE,STOUTSVILLE,FAIRFIELD,45,39,5,Y,1840,,198,18140,,Metro,"Columbus, OH","Columbus, OH MSA",,Midwest,East North Central,Y,17,55,360,1767, ,0,0,0,0,0,1674589,0,7,2848.15,1112,12,1216,X23002, ,Y,"Columbus-Marion-Chillicothe, OH",,X23002,3158,22.55,0,,Stoutsville,Stoutsville,78,1112,0,39,45,<2004-10,<2004-10,P,,N,C,387973
43155,P,2254,1077,2227,3,8,5,0,2,2,1135,1119,2.61,98100,46420,38.9,38.6,39.4,39.631179,-82.538502,898,OH,Ohio,P,,740,SUGAR GROVE,SUGAR GROVE,FAIRFIELD,45,39,5,Y,1840,,198,18140,,Metro,"Columbus, OH","Columbus, OH MSA",,Midwest,East North Central,Y,37,252,2156,9254, ,0,0,0,0,0,1674589,0,18|07,6826.47|2848.15,798,5,1046,X23019, ,Y,"Columbus-Marion-Chillicothe, OH",,X23019,2082,32.02,0.22,,Sugar Grove,Sugar Grove,211,566,0,39,45,<2004-10,<2004-10,P,,N,C,388036
43157,P,384,148,367,1,1,1,0,9,0,185,199,2.67,80700,28036,34.2,30.8,35.5,39.843741,-82.5479,898,OH,Ohio,Z,,740,THURSTON,THURSTON,FAIRFIELD,45,39,5,Y,1840,,198,18140,,Metro,"Columbus, OH","Columbus, OH MSA",,Midwest,East North Central,Y,6,29,149,719, ,0,0,0,0,0,1674589,0,7,2848.15,0,0,241,X23072,P,,"Columbus-Marion-Chillicothe, OH",,X23072,0,0.27,0,,Thurston,Thurston,230,0,0,39,45,<2004-10,<2004-10,P,,N,C,388211
43163, ,0,0,0,0,0,0,0,0,0,0,0,0,0,0,0,0,0,39.7637,-82.4475,898,OH,Ohio,Z,,740,WEST RUSHVILLE,RUSHVILLE,FAIRFIELD,45,39,5,Y,1840,,198,18140,,Metro,"Columbus, OH","Columbus, OH MSA",,Midwest,East North Central,N,0,0,0,0,,0,0,0,0,0,1674589,0,,,0,0,282,X29753,P,,"Columbus-Marion-Chillicothe, OH",,X22693,0,0,0,,West Rushville,Rushville,0,0,0,39,45,<2004-10,<2004-10,P,,N,C,387294
6440,P,0,0,0,0,0,0,0,0,0,0,0,0,0,0,0,0,0,41.4276,-73.3558,9,CT,Connecticut,Z,,203,HAWLEYVILLE,HAWLEYVILLE,FAIRFIELD,1,9,5,Y,,,408,14860,,Metro,"Bridgeport-Stamford-Norwalk, CT",,,Northeast,New England,Y,4,23,163,694, ,0,0,0,0,0,899152,0,,,0,0,183,V20293,P,,"New York-Newark-Bridgeport, NY-NJ-CT-PA",,V20293,0,0,0,,Hawleyville,Hawleyville,135,0,0,9,1,<2004-10,<2004-10,P,,N,C,83400
6404,P,0,0,0,0,0,0,0,0,0,0,0,0,0,0,0,0,0,41.3667,-73.2577,9,CT,Connecticut,Z,,203,BOTSFORD,BOTSFORD,FAIRFIELD,1,9,5,Y,,,408,14860,,Metro,"Bridgeport-Stamford-Norwalk, CT",,,Northeast,New England,Y,2,0,0,0,a,0,0,0,0,0,899152,0,,,0,0,566,V20060,P,,"New York-Newark-Bridgeport, NY-NJ-CT-PA",,V20060,0,0,0,,Botsford,Botsford,158,0,0,9,1,<2004-10,<2004-10,P,,N,C,80510
6470,P,14709,5073,13843,391,423,184,6,26,138,7666,7043,2.84,271500,91126,38.3,37.5,39.2,41.395394,-73.318419,9,CT,Connecticut,P,,203,NEWTOWN,NEWTOWN,FAIRFIELD,1,9,5,Y,5602,1930,408,14860,,Metro,"Bridgeport-Stamford-Norwalk, CT",New York-Northern New Jersey-Long Island,"Danbury, CT PMSA",Northeast,New England,Y,463,6029,66875,270889, ,0,0,0,0,0,899152,0,5,1247.6,5631,419,6575,V20436, ,,"New York-Newark-Bridgeport, NY-NJ-CT-PA",,V20436,15992,36.99,0.25,,Newtown,Newtown,373,5399,98,9,1,<2004-10,<2004-10,P,,Y,D,84862
6468,P,19247,6601,18453,231,482,292,0,15,96,9452,9795,2.96,256600,85000,38.1,37.6,38.6,41.342188,-73.231554,9,CT,Connecticut,P,,203,MONROE,MONROE,FAIRFIELD,1,9,5,Y,5602,1160,408,14860,,Metro,"Bridgeport-Stamford-Norwalk, CT",New York-Northern New Jersey-Long Island,"Bridgeport, CT PMSA",Northeast,New England,Y,589,5790,45894,190906, ,0,0,0,0,0,899152,0,4,456.94,6726,548,7530,V20389, ,,"New York-Newark-Bridgeport, NY-NJ-CT-PA",,V20389,19908,26.09,0.03,,Monroe,Monroe,270,5946,30,9,1,<2004-10,<2004-10,P,,N,D,84392
6468, ,19247,6601,18453,231,482,292,0,15,96,9452,9795,2.96,256600,85000,38.1,37.6,38.6,41.342188,-73.231554,9,CT,Connecticut,N,,203,MONROE,STEPNEY,FAIRFIELD,1,9,5,Y,5602,1160,408,14860,,Metro,"Bridgeport-Stamford-Norwalk, CT",New York-Northern New Jersey-Long Island,"Bridgeport, CT PMSA",Northeast,New England,N,589,5790,45894,190906, ,0,0,0,0,0,899152,0,4,456.94,6726,548,7530,V20389, ,,"New York-Newark-Bridgeport, NY-NJ-CT-PA",,V20674,19908,26.09,0.03,,Monroe,Stepney,270,5946,30,9,1,<2004-10,<2004-10,N,,N,D,84392
6468, ,19247,6601,18453,231,482,292,0,15,96,9452,9795,2.96,256600,85000,38.1,37.6,38.6,41.342188,-73.231554,9,CT,Connecticut,N,,203,MONROE,UPPER STEPNEY,FAIRFIELD,1,9,5,Y,5602,1160,408,14860,,Metro,"Bridgeport-Stamford-Norwalk, CT",New York-Northern New Jersey-Long Island,"Bridgeport, CT PMSA",Northeast,New England,N,589,5790,45894,190906, ,0,0,0,0,0,899152,0,4,456.94,6726,548,7530,V20389, ,,"New York-Newark-Bridgeport, NY-NJ-CT-PA",,V20742,19908,26.09,0.03,,Monroe,Upper Stepney,270,5946,30,9,1,<2004-10,<2004-10,N,,N,D,84392
6484,P,38101,14707,35984,428,1326,791,1,57,341,18437,19664,2.65,217300,67292,39.8,38.6,40.8,41.315669,-73.134957,9,CT,Connecticut,P,,203/860,SHELTON,SHELTON,FAIRFIELD,1,9,5,Y,5602,1160,408,14860,,Metro,"Bridgeport-Stamford-Norwalk, CT",New York-Northern New Jersey-Long Island,"Bridgeport, CT PMSA",Northeast,New England,Y,1134,27219,446920,1877177, ,0,0,0,0,0,899152,0,03|04,459.15|456.94,15640,1044,17532,V20599, ,,"New York-Newark-Bridgeport, NY-NJ-CT-PA",,V20599,41446,30.56,0.67,,Shelton,Shelton,292,12466,605,9,1,<2004-10,<2004-10,P,,Y,D,86902
6491,P,0,0,0,0,0,0,0,0,0,0,0,0,0,0,0,0,0,41.3833,-73.185,9,CT,Connecticut,Z,,203,STEVENSON,STEVENSON,FAIRFIELD,1,9,5,Y,,,408,14860,,Metro,"Bridgeport-Stamford-Norwalk, CT",,,Northeast,New England,Y,11,261,2597,11064, ,0,0,0,0,0,899152,0,,,0,0,1412,V20676,P,,"New York-Newark-Bridgeport, NY-NJ-CT-PA",,V20676,0,0,0,,Stevenson,Stevenson,72,0,0,9,1,<2004-10,<2004-10,P,,N,C,87820
6482,P,10322,3528,9972,46,167,167,3,9,22,5148,5174,2.98,245800,88483,36.5,36.2,36.7,41.40497,-73.249334,9,CT,Connecticut,N,,203,SANDY HOOK,SANDY HOOK,FAIRFIELD,1,9,5,Y,,,408,14860,,Metro,"Bridgeport-Stamford-Norwalk, CT",,,Northeast,New England,Y,164,1062,11514,57030, ,0,0,0,0,0,899152,0,04|05,456.94|1247.60,3846,131,4112,V27352, ,,"New York-Newark-Bridgeport, NY-NJ-CT-PA",,V27352,11461,20.8,0.05,,Sandy Hook,Sandy Hook,74,3573,0,9,1,<2004-10,<2004-10,N,,Y,D,84862
6484, ,38101,14707,35984,428,1326,791,1,57,341,18437,19664,2.65,217300,67292,39.8,38.6,40.8,41.315669,-73.134957,9,CT,Connecticut,N,,203/860,SHELTON,HUNTINGTON,FAIRFIELD,1,9,5,Y,5602,1160,408,14860,,Metro,"Bridgeport-Stamford-Norwalk, CT",New York-Northern New Jersey-Long Island,"Bridgeport, CT PMSA",Northeast,New England,Y,1134,27219,446920,1877177, ,0,0,0,0,0,899152,0,03|04,459.15|456.94,15640,1044,17532,V20599, ,,"New York-Newark-Bridgeport, NY-NJ-CT-PA",,V20306,41446,30.56,0.67,,Shelton,Huntington,292,12466,605,9,1,<2004-10,<2004-10,N,,Y,D,86902
6602,P,0,0,0,0,0,0,0,0,0,0,0,0,0,0,0,0,0,41.1738,-73.1965,9,CT,Connecticut,Z,,203,BRIDGEPORT,BRIDGEPORT,FAIRFIELD,1,9,5,Y,5602,1160,408,14860,,Metro,"Bridgeport-Stamford-Norwalk, CT",New York-Northern New Jersey-Long Island,"Bridgeport, CT PMSA",Northeast,New England,Y,9,358,2474,10182, ,0,0,0,0,0,899152,0,,,0,0,0,V20069,P,,"New York-Newark-Bridgeport, NY-NJ-CT-PA",,V20069,0,0,0,,Bridgeport,Bridgeport,0,0,0,9,1,<2004-10,<2004-10,P,,Y,C,80578
6604,P,30715,11890,13572,8190,9954,1777,34,204,4920,15047,15668,2.61,130500,31344,29.8,28.5,31.1,41.183653,-73.2099,9,CT,Connecticut,P,,203,BRIDGEPORT,BRIDGEPORT,FAIRFIELD,1,9,5,Y,5602,1160,408,14860,,Metro,"Bridgeport-Stamford-Norwalk, CT",New York-Northern New Jersey-Long Island,"Bridgeport, CT PMSA",Northeast,New England,Y,613,9823,102980,394588, ,0,0,0,0,0,899152,0,4,456.94,10747,921,11666,V20069, ,,"New York-Newark-Bridgeport, NY-NJ-CT-PA",,V20069,28049,3.27,0,,Bridgeport,Bridgeport,0,6300,3733,9,1,<2004-10,<2004-10,P,,Y,D,80578
06605,P,23435,9266,10534,6831,7890,1030,61,156,3477,11466,11969,2.71,131400,32419,29.5,28.4,30.5,41.162298,-73.216444,9,CT,Connecticut,P,,203,BRIDGEPORT,BRIDGEPORT,FAIRFIELD,1,9,5,Y,5602,1160,408,14860,,Metro,"Bridgeport-Stamford-Norwalk, CT",New York-Northern New Jersey-Long Island,"Bridgeport, CT PMSA",Northeast,New England,Y,338,4696,44051,195455, ,0,0,0,0,0,899152,0,4,456.94,8437,552,10108,V20069, ,,"New York-Newark-Bridgeport, NY-NJ-CT-PA",,V20069,22864,2.37,0.08,,Bridgeport,Bridgeport,300,5948,2111,9,1,<2004-10,<2004-10,P,,Y,D,80578
06606,P,42342,16345,22579,12078,9248,1073,22,125,4133,20040,22302,2.7,121200,42798,34.6,32.9,36.2,41.20862,-73.211428,9,CT,Connecticut,P,,203,BRIDGEPORT,BRIDGEPORT,FAIRFIELD,1,9,5,Y,5602,1160,408,14860,,Metro,"Bridgeport-Stamford-Norwalk, CT",New York-Northern New Jersey-Long Island,"Bridgeport, CT PMSA",Northeast,New England,Y,668,10975,95633,401985, ,0,0,0,0,0,899152,0,4,456.94,16824,844,18230,V20069, ,,"New York-Newark-Bridgeport, NY-NJ-CT-PA",,V20069,45424,5.04,0.1,,Bridgeport,Bridgeport,142,12949,2917,9,1,<2004-10,<2004-10,P,,Y,D,80578
06601,P,0,0,0,0,0,0,0,0,0,0,0,0,0,0,0,0,0,41.1667,-73.2054,9,CT,Connecticut,Z,,203,BRIDGEPORT,BRIDGEPORT,FAIRFIELD,1,9,5,Y,5602,1160,408,14860,,Metro,"Bridgeport-Stamford-Norwalk, CT",New York-Northern New Jersey-Long Island,"Bridgeport, CT PMSA",Northeast,New England,Y,28,1320,13861,57738, ,0,0,0,0,0,899152,0,,,0,0,1123,V20069,P,,"New York-Newark-Bridgeport, NY-NJ-CT-PA",,V20069,0,0,0,,Bridgeport,Bridgeport,846,0,0,9,1,<2004-10,<2004-10,P,,Y,C,80578
06607,P,7600,3058,1072,5289,1867,34,2,36,860,3455,4145,2.83,52800,27899,28.8,27.6,29.9,41.17589,-73.164916,9,CT,Connecticut,P,,203,BRIDGEPORT,BRIDGEPORT,FAIRFIELD,1,9,5,Y,5602,1160,408,14860,,Metro,"Bridgeport-Stamford-Norwalk, CT",New York-Northern New Jersey-Long Island,"Bridgeport, CT PMSA",Northeast,New England,Y,158,2215,21809,92440, ,0,0,0,0,0,899152,0,03|04,459.15|456.94,2659,342,4076,V20069, ,,"New York-Newark-Bridgeport, NY-NJ-CT-PA",,V20069,7524,1.07,0,,Bridgeport,Bridgeport,0,2339,268,9,1,<2004-10,<2004-10,P,,Y,D,80578
06608,P,13407,4716,4547,3472,8765,250,20,52,4306,6355,7052,3.21,82300,21623,25.8,24.8,26.8,41.188238,-73.180174,9,CT,Connecticut,P,,203,BRIDGEPORT,BRIDGEPORT,FAIRFIELD,1,9,5,Y,5602,1160,408,14860,,Metro,"Bridgeport-Stamford-Norwalk, CT",New York-Northern New Jersey-Long Island,"Bridgeport, CT PMSA",Northeast,New England,Y,151,3096,16584,70813, ,0,0,0,0,0,899152,0,4,456.94,4450,391,4990,V20069, ,,"New York-Newark-Bridgeport, NY-NJ-CT-PA",,V20069,14284,1.05,0.02,,Bridgeport,Bridgeport,119,3647,696,9,1,<2004-10,<2004-10,P,,Y,D,80578
06610,P,22006,9083,10507,7057,6751,372,9,91,2963,10185,11821,2.52,104200,34715,34.4,32.2,36.6,41.206456,-73.171486,9,CT,Connecticut,P,,203,BRIDGEPORT,BRIDGEPORT,FAIRFIELD,1,9,5,Y,5602,1160,408,14860,,Metro,"Bridgeport-Stamford-Norwalk, CT",New York-Northern New Jersey-Long Island,"Bridgeport, CT PMSA",Northeast,New England,Y,316,7463,71672,305198, ,0,0,0,0,0,899152,0,4,456.94,8809,490,10317,V20069, ,,"New York-Newark-Bridgeport, NY-NJ-CT-PA",,V20069,22198,3.06,0.08,,Bridgeport,Bridgeport,731,6857,1744,9,1,<2004-10,<2004-10,P,,Y,D,80578
43163, ,0,0,0,0,0,0,0,0,0,0,0,0,0,0,0,0,0,39.7637,-82.4475,898,OH,Ohio,Z,,740,WEST RUSHVILLE,W RUSHVILLE,FAIRFIELD,45,39,5,Y,1840,,198,18140,,Metro,"Columbus, OH","Columbus, OH MSA",,Midwest,East North Central,Y,0,0,0,0,,0,0,0,0,0,1674589,0,,,0,0,282,X29753,P,,"Columbus-Marion-Chillicothe, OH",,X23215,0,0,0,A,West Rushville,W Rushville,0,0,0,39,45,<2004-10,<2004-10,N,,N,C,387294
43163,P,0,0,0,0,0,0,0,0,0,0,0,0,0,0,0,0,0,39.7637,-82.4475,898,OH,Ohio,Z,W RUSHVILLE,740,WEST RUSHVILLE,WEST RUSHVILLE,FAIRFIELD,45,39,5,Y,1840,,198,18140,,Metro,"Columbus, OH","Columbus, OH MSA",,Midwest,East North Central,Y,0,0,0,0,,0,0,0,0,0,1674589,0,,,0,0,282,X29753,P,,"Columbus-Marion-Chillicothe, OH",,X29753,0,0,0,,West Rushville,West Rushville,0,0,0,39,45,<2004-10,<2004-10,N,,N,C,387294
02128,P,0,0,0,0,0,0,0,0,0,0,0,0,0,0,0,0,0,42.3,-71,898,MA,Massachusetts,Z,W RUSHVILLE,740,WEST RUSHVILLE,WEST RUSHVILLE,FAIRFIELD,45,39,5,Y,1840,,198,18140,,Metro,"Columbus, OH","Columbus, OH MSA",,Midwest,East North Central,Y,0,0,0,0,,0,0,0,0,0,1674589,0,,,0,0,282,X29753,P,,"Columbus-Marion-Chillicothe, OH",,X29753,0,0,0,,Boston,West Rushville,0,0,0,39,45,<2004-10,<2004-10,N,,N,C,387294
